market,period,exit,signals,avg_weight,avg_budget_ret,avg_horizon_excess,avg_trade_ret,avg_matched_excess,deployed_weighted_ret,win_rate,avg_trade_mae,avg_slot_mae,avg_hold
KOSPI,train_purged,fixed20,122,1.0,-0.006989385296025218,0.000887416942900375,-0.006989385296025218,0.000887416942900375,-0.006989385296025218,0.45901639344262296,-0.10466339124207805,-0.10466339124207805,19.0
KOSPI,train_purged,profit10_dd5,122,1.0,-0.007926969999868572,-5.0167760942977895e-05,-0.007926969999868572,-0.00022206119097085497,-0.007926969999868572,0.47540983606557374,-0.1003970143676078,-0.1003970143676078,17.295081967213115
KOSPI,train_purged,profit10_atr2,122,1.0,-0.008932369414849987,-0.0010555671759243913,-0.008932369414849987,-0.0017810648294119989,-0.008932369414849987,0.45081967213114754,-0.10126916289320262,-0.10126916289320262,18.188524590163933
KOSPI,validation_purged,fixed20,69,1.0,0.019761204827643573,0.02037869202806745,0.019761204827643573,0.02037869202806745,0.019761204827643573,0.5507246376811594,-0.09861410984019248,-0.09861410984019248,19.0
KOSPI,validation_purged,profit10_dd5,69,1.0,0.007661873138324586,0.008279360338748463,0.007661873138324586,0.00910686717251797,0.007661873138324586,0.5942028985507246,-0.09326104726724115,-0.09326104726724115,17.608695652173914
KOSPI,validation_purged,profit10_atr2,69,1.0,0.020395248880942657,0.02101273608136653,0.020395248880942657,0.02221842759660817,0.020395248880942657,0.5797101449275363,-0.09332798839252147,-0.09332798839252147,18.3768115942029
KOSPI,evaluation_2025_26,fixed20,60,1.0,0.0508923846583698,0.021715454223434308,0.0508923846583698,0.021715454223434308,0.0508923846583698,0.5,-0.10589047207215734,-0.10589047207215734,19.0
KOSPI,evaluation_2025_26,profit10_dd5,60,1.0,0.04869859082869157,0.01952166039375608,0.04869859082869157,0.0221216920748246,0.04869859082869157,0.5166666666666667,-0.10461706383245697,-0.10461706383245697,17.716666666666665
KOSPI,evaluation_2025_26,profit10_atr2,60,1.0,0.045325874736530096,0.016148944301594602,0.045325874736530096,0.017066362914495942,0.045325874736530096,0.5,-0.10493541589238205,-0.10493541589238205,18.466666666666665
KOSDAQ,train_purged,fixed20,67,1.0,0.021422621917409217,0.023920912455779347,0.021422621917409217,0.023920912455779347,0.021422621917409217,0.417910447761194,-0.12884645836151418,-0.12884645836151418,19.0
KOSDAQ,train_purged,profit10_dd5,67,1.0,0.01237055012360023,0.014868840661970362,0.01237055012360023,0.01682703525330824,0.01237055012360023,0.4626865671641791,-0.12726519775681422,-0.12726519775681422,16.567164179104477
KOSDAQ,train_purged,profit10_atr2,67,1.0,0.00642980893507152,0.008928099473441652,0.00642980893507152,0.008458401339142581,0.00642980893507152,0.417910447761194,-0.12726519775681422,-0.12726519775681422,18.253731343283583
KOSDAQ,validation_purged,fixed20,33,1.0,-0.02028323916983397,0.015296572290457817,-0.02028323916983397,0.015296572290457817,-0.02028323916983397,0.3939393939393939,-0.16478880816705868,-0.16478880816705868,19.0
KOSDAQ,validation_purged,profit10_dd5,33,1.0,-0.009210723320480563,0.026369088139811227,-0.009210723320480563,0.01687832942333861,-0.009210723320480563,0.5151515151515151,-0.15033675966030888,-0.15033675966030888,14.93939393939394
KOSDAQ,validation_purged,profit10_atr2,33,1.0,-0.013372505655249726,0.022207305805042064,-0.013372505655249726,0.01907987510023897,-0.013372505655249726,0.45454545454545453,-0.15442623743399717,-0.15442623743399717,17.09090909090909
KOSDAQ,evaluation_2025_26,fixed20,34,1.0,0.023547859611331694,0.008726718568596985,0.023547859611331694,0.008726718568596985,0.023547859611331694,0.5882352941176471,-0.1579001355813239,-0.1579001355813239,19.0
KOSDAQ,evaluation_2025_26,profit10_dd5,34,1.0,0.006401026894136221,-0.008420114148598485,0.006401026894136221,-0.006665640709709986,0.006401026894136221,0.6176470588235294,-0.14796214607675656,-0.14796214607675656,14.970588235294118
KOSDAQ,evaluation_2025_26,profit10_atr2,34,1.0,0.024650342533950893,0.009829201491216188,0.024650342533950893,0.009409110027488865,0.024650342533950893,0.5294117647058824,-0.15038609215085796,-0.15038609215085796,18.0
