market,model,period,accepted,skipped,total_return,benchmark_return,full_index_excess,max_drawdown,avg_exposure
KOSPI,v6_baseline,train_purged,114,8,-0.08813665189710995,-0.1288651329568874,0.040728481059777444,-0.2224761377837826,0.44668074361752685
KOSPI,v6_baseline,validation_purged,66,3,0.12551957523782598,-0.04814798925104424,0.17366756448887022,-0.1156788456304757,0.5365668436141536
KOSPI,v6_baseline,evaluation_2025_26,58,2,0.3266269716228771,1.8548241144580766,-1.5281971428351995,-0.08868256255777807,0.26133377016552906
KOSPI,v8_selected,train_purged,114,8,-0.08813665189710995,-0.1288651329568874,0.040728481059777444,-0.2224761377837826,0.44668074361752685
KOSPI,v8_selected,validation_purged,66,3,0.12551957523782598,-0.04814798925104424,0.17366756448887022,-0.1156788456304757,0.5365668436141536
KOSPI,v8_selected,evaluation_2025_26,58,2,0.3266269716228771,1.8548241144580766,-1.5281971428351995,-0.08868256255777807,0.26133377016552906
KOSDAQ,v6_baseline,train_purged,67,0,0.12385324547433307,-0.11463171010493156,0.23848495557926463,-0.2541657833388833,0.26401637824673435
KOSDAQ,v6_baseline,validation_purged,33,0,-0.07714195839954352,-0.23576587507944757,0.15862391667990405,-0.1824885814148326,0.27450586736089366
KOSDAQ,v6_baseline,evaluation_2025_26,34,0,0.06809033544112264,0.1540026742631242,-0.08591233882200155,-0.13743447014059929,0.17890072356229975
KOSDAQ,v8_selected,train_purged,67,0,0.12385324547433307,-0.11463171010493156,0.23848495557926463,-0.2541657833388833,0.26401637824673435
KOSDAQ,v8_selected,validation_purged,33,0,-0.07714195839954352,-0.23576587507944757,0.15862391667990405,-0.1824885814148326,0.27450586736089366
KOSDAQ,v8_selected,evaluation_2025_26,34,0,0.06809033544112264,0.1540026742631242,-0.08591233882200155,-0.13743447014059929,0.17890072356229975
