market,period,sizing,signals,avg_weight,avg_budget_ret,avg_horizon_excess,avg_trade_ret,avg_matched_excess,deployed_weighted_ret,win_rate,avg_trade_mae,avg_slot_mae,avg_hold
KOSPI,train_purged,equal,122,1.0,-0.006989385296025218,0.000887416942900375,-0.006989385296025218,0.000887416942900375,-0.006989385296025218,0.45901639344262296,-0.10466339124207805,-0.10466339124207805,19.0
KOSPI,train_purged,dryup,122,0.8319672131147541,-0.00107402581402637,0.006802776424899225,-0.006989385296025218,0.000887416942900375,-0.0012909472838543558,0.45901639344262296,-0.10466339124207805,-0.08512609414285766,19.0
KOSPI,train_purged,rvol,122,0.6639344262295082,-0.006342581356430071,0.001534220882495524,-0.006989385296025218,0.000887416942900375,-0.009553023771413195,0.45901639344262296,-0.10466339124207805,-0.07074948496582274,19.0
KOSPI,train_purged,bb_squeeze,122,0.6926229508196722,-0.003923369588985895,0.003953432649939699,-0.006989385296025218,0.000887416942900375,-0.005664509939127565,0.45901639344262296,-0.10466339124207805,-0.0721496956934441,19.0
KOSPI,train_purged,ma_compress,122,0.5778688524590164,-0.0038586331042490827,0.004018169134676511,-0.006989385296025218,0.000887416942900375,-0.006677350903806923,0.45901639344262296,-0.10466339124207805,-0.06146837047302581,19.0
KOSPI,train_purged,retest,122,0.5450819672131147,-0.005095677389839367,0.002781124849086227,-0.006989385296025218,0.000887416942900375,-0.009348460775344403,0.45901639344262296,-0.10466339124207805,-0.05671409876447587,19.0
KOSPI,train_purged,not_bear,122,0.7622950819672131,-0.0029047395288866245,0.0049720627100389705,-0.006989385296025218,0.000887416942900375,-0.003810518521765249,0.45901639344262296,-0.10466339124207805,-0.07852935031137478,19.0
KOSPI,train_purged,quality2,122,0.7868852459016393,-0.00021312988302144055,0.007663672355904151,-0.006989385296025218,0.000887416942900375,-0.0002708525596730807,0.45901639344262296,-0.10466339124207805,-0.08030515445321697,19.0
KOSPI,validation_purged,equal,69,1.0,0.019761204827643573,0.02037869202806745,0.019761204827643573,0.02037869202806745,0.019761204827643573,0.5507246376811594,-0.09861410984019248,-0.09861410984019248,19.0
KOSPI,validation_purged,dryup,69,0.8260869565217391,0.019481735859331144,0.020099223059755016,0.019761204827643573,0.02037869202806745,0.023583153934979808,0.5507246376811594,-0.09861410984019248,-0.08295838254348473,19.0
KOSPI,validation_purged,rvol,69,0.6521739130434783,0.025270079172277353,0.02588756637270124,0.019761204827643573,0.02037869202806745,0.038747454730825276,0.5507246376811594,-0.09861410984019248,-0.05937012420016476,19.0
KOSPI,validation_purged,bb_squeeze,69,0.644927536231884,0.01554544577266278,0.016162932973086665,0.019761204827643573,0.02037869202806745,0.024104174344128804,0.5507246376811594,-0.09861410984019248,-0.0631314455273336,19.0
KOSPI,validation_purged,ma_compress,69,0.572463768115942,0.005865910313717521,0.006483397514141397,0.019761204827643573,0.02037869202806745,0.01024678004168377,0.5507246376811594,-0.09861410984019248,-0.05855300846480689,19.0
KOSPI,validation_purged,retest,69,0.5652173913043478,0.008402302653846297,0.009019789854270174,0.019761204827643573,0.02037869202806745,0.014865612387574218,0.5507246376811594,-0.09861410984019248,-0.05525011676797521,19.0
KOSPI,validation_purged,not_bear,69,0.8188405797101449,0.022774160951724225,0.023391648152148104,0.019761204827643573,0.02037869202806745,0.02781269213573401,0.5507246376811594,-0.09861410984019248,-0.08060533057243464,19.0
KOSPI,validation_purged,quality2,69,0.7318840579710145,0.018180172570860527,0.018797659771284406,0.019761204827643573,0.02037869202806745,0.024840235789888643,0.5507246376811594,-0.09861410984019248,-0.07106911688128846,19.0
KOSPI,evaluation_2025_26,equal,60,1.0,0.0508923846583698,0.021715454223434308,0.0508923846583698,0.021715454223434308,0.0508923846583698,0.5,-0.10589047207215734,-0.10589047207215734,19.0
KOSPI,evaluation_2025_26,dryup,60,0.85,0.046118599746658516,0.016941669311723032,0.0508923846583698,0.021715454223434308,0.054257176172539424,0.5,-0.10589047207215734,-0.0877584891019444,19.0
KOSPI,evaluation_2025_26,rvol,60,0.625,0.027744025905493446,-0.0014329045294420445,0.0508923846583698,0.021715454223434308,0.044390441448789515,0.5,-0.10589047207215734,-0.06431318432438456,19.0
KOSPI,evaluation_2025_26,bb_squeeze,60,0.6833333333333333,0.03454596159583156,0.005369031160896076,0.0508923846583698,0.021715454223434308,0.0505550657499974,0.5,-0.10589047207215734,-0.06936340603308046,19.0
KOSPI,evaluation_2025_26,ma_compress,60,0.5166666666666667,0.035055736907909425,0.0058788064729739355,0.0508923846583698,0.021715454223434308,0.06784981337014727,0.5,-0.10589047207215734,-0.054215987243674026,19.0
KOSPI,evaluation_2025_26,retest,60,0.6416666666666667,0.035870320816948936,0.006693390382013444,0.0508923846583698,0.021715454223434308,0.05590179867576457,0.5,-0.10589047207215734,-0.06541972637429538,19.0
KOSPI,evaluation_2025_26,not_bear,60,0.95,0.04930226304730285,0.02012533261236735,0.0508923846583698,0.021715454223434308,0.05189711899716089,0.5,-0.10589047207215734,-0.1021614943609097,19.0
KOSPI,evaluation_2025_26,quality2,60,0.7583333333333333,0.050105732473815744,0.020928802038880253,0.0508923846583698,0.021715454223434308,0.06607349337206471,0.5,-0.10589047207215734,-0.0749586308667996,19.0
KOSDAQ,train_purged,equal,67,1.0,0.021422621917409217,0.023920912455779347,0.021422621917409217,0.023920912455779347,0.021422621917409217,0.417910447761194,-0.12884645836151418,-0.12884645836151418,19.0
KOSDAQ,train_purged,dryup,67,0.8507462686567164,0.015364959933683274,0.017863250472053404,0.021422621917409217,0.023920912455779347,0.018060566939592623,0.417910447761194,-0.12884645836151418,-0.11334124672495534,19.0
KOSDAQ,train_purged,rvol,67,0.6044776119402985,0.007146005434441354,0.009644295972811487,0.021422621917409217,0.023920912455779347,0.011821786768088165,0.417910447761194,-0.12884645836151418,-0.08010447064849689,19.0
KOSDAQ,train_purged,bb_squeeze,67,0.6044776119402985,0.01190466051828297,0.014402951056653103,0.021422621917409217,0.023920912455779347,0.019694129746295284,0.417910447761194,-0.12884645836151418,-0.07742384053659,19.0
KOSDAQ,train_purged,ma_compress,67,0.5597014925373134,0.009568716283473049,0.012067006821843178,0.021422621917409217,0.023920912455779347,0.017096106426471847,0.417910447761194,-0.12884645836151418,-0.07311979011693101,19.0
KOSDAQ,train_purged,retest,67,0.5373134328358209,0.012314847608471733,0.014813138146841862,0.021422621917409217,0.023920912455779347,0.022919299715766835,0.417910447761194,-0.12884645836151418,-0.07050643623191016,19.0
KOSDAQ,train_purged,not_bear,67,0.7985074626865671,0.017269293077511016,0.019767583615881153,0.021422621917409217,0.023920912455779347,0.021626965162490432,0.417910447761194,-0.12884645836151418,-0.10513194847526981,19.0
KOSDAQ,train_purged,quality2,67,0.6716417910447762,0.008710433022395724,0.011208723560765858,0.021422621917409217,0.023920912455779347,0.012968866944455855,0.417910447761194,-0.12884645836151418,-0.08965681187774767,19.0
KOSDAQ,validation_purged,equal,33,1.0,-0.02028323916983397,0.015296572290457817,-0.02028323916983397,0.015296572290457817,-0.02028323916983397,0.3939393939393939,-0.16478880816705868,-0.16478880816705868,19.0
KOSDAQ,validation_purged,dryup,33,0.9393939393939394,-0.01933233557919747,0.016247475881094316,-0.02028323916983397,0.015296572290457817,-0.020579583035919887,0.3939393939393939,-0.16478880816705868,-0.1536700919643589,19.0
KOSDAQ,validation_purged,rvol,33,0.5454545454545454,-0.008530090527236647,0.02704972093305514,-0.02028323916983397,0.015296572290457817,-0.015638499299933852,0.3939393939393939,-0.16478880816705868,-0.09203970733672671,19.0
KOSDAQ,validation_purged,bb_squeeze,33,0.5757575757575758,-0.015270317703410441,0.020309493756881347,-0.02028323916983397,0.015296572290457817,-0.02652213074802866,0.3939393939393939,-0.16478880816705868,-0.0964443400989773,19.0
KOSDAQ,validation_purged,ma_compress,33,0.5,-0.010141619584916986,0.025438191875374806,-0.02028323916983397,0.015296572290457817,-0.02028323916983397,0.3939393939393939,-0.16478880816705868,-0.08239440408352934,19.0
KOSDAQ,validation_purged,retest,33,0.5303030303030303,-0.008083232549874874,0.027496578910416916,-0.02028323916983397,0.015296572290457817,-0.015242667094049762,0.3939393939393939,-0.16478880816705868,-0.0902161681658483,19.0
KOSDAQ,validation_purged,not_bear,33,0.7575757575757576,-0.020570079152307717,0.015009732307984074,-0.02028323916983397,0.015296572290457817,-0.027152504481046183,0.3939393939393939,-0.16478880816705868,-0.12561257996572112,19.0
KOSDAQ,validation_purged,quality2,33,0.6212121212121212,-0.01119404783707203,0.024385763623219755,-0.02028323916983397,0.015296572290457817,-0.01801968676211595,0.3939393939393939,-0.16478880816705868,-0.10941945424348702,19.0
KOSDAQ,evaluation_2025_26,equal,34,1.0,0.023547859611331694,0.008726718568596985,0.023547859611331694,0.008726718568596985,0.023547859611331694,0.5882352941176471,-0.1579001355813239,-0.1579001355813239,19.0
KOSDAQ,evaluation_2025_26,dryup,34,0.8529411764705882,0.03829028038282701,0.023469139340092305,0.023547859611331694,0.008726718568596985,0.04489205286262477,0.5882352941176471,-0.1579001355813239,-0.12551272358595347,19.0
KOSDAQ,evaluation_2025_26,rvol,34,0.5588235294117647,0.011469217340413862,-0.003351923702320837,0.023547859611331694,0.008726718568596985,0.02052386260916165,0.5882352941176471,-0.1579001355813239,-0.09399420120919551,19.0
KOSDAQ,evaluation_2025_26,bb_squeeze,34,0.6029411764705882,0.028524495640485557,0.01370335459775085,0.023547859611331694,0.008726718568596985,0.047308919598854096,0.5882352941176471,-0.1579001355813239,-0.08902831208891318,19.0
KOSDAQ,evaluation_2025_26,ma_compress,34,0.5,0.011773929805665847,-0.0030472112370688587,0.023547859611331694,0.008726718568596985,0.023547859611331694,0.5882352941176471,-0.1579001355813239,-0.07895006779066195,19.0
KOSDAQ,evaluation_2025_26,retest,34,0.5294117647058824,0.01737326627873106,0.0025521252359963532,0.023547859611331694,0.008726718568596985,0.032816169637603115,0.5882352941176471,-0.1579001355813239,-0.0815606390925206,19.0
KOSDAQ,evaluation_2025_26,not_bear,34,0.8970588235294118,0.024219630537812547,0.009398489495077841,0.023547859611331694,0.008726718568596985,0.02699893240280743,0.5882352941176471,-0.1579001355813239,-0.14000523448527724,19.0
KOSDAQ,evaluation_2025_26,quality2,34,0.6176470588235294,0.029474764586975438,0.014653623544240732,0.023547859611331694,0.008726718568596985,0.04772104742653166,0.5882352941176471,-0.1579001355813239,-0.09675701921069013,19.0
