ticker,first,last,rows,error
KOSPI,1990-01-04,2026-10-07,9483,
000020,1990-01-03,2026-10-07,9472,
000040,1990-01-03,2026-10-07,9474,
000050,1990-01-03,2026-10-07,9474,
000070,1990-01-03,2026-10-07,9475,
000080,2009-10-19,2026-10-07,4177,
000100,1990-01-03,2026-10-07,9476,
000120,1990-01-03,2026-10-07,9480,
000140,1990-01-03,2026-10-07,9480,
000150,1990-01-03,2026-10-07,9481,
000180,1990-01-03,2026-10-07,9483,
000210,1990-01-03,2026-10-07,9483,
000220,1990-01-03,2026-10-07,9483,
000230,1990-01-03,2026-10-07,9483,
000240,1990-01-03,2026-10-07,9483,
000270,1990-01-03,2026-10-07,9483,
000300,1990-01-03,2026-10-07,9483,
000320,1990-01-03,2026-10-07,9483,
000370,1990-01-03,2026-10-07,9483,
000390,1993-09-10,2026-10-07,8400,
000400,1990-01-03,2026-10-07,9483,
000430,1990-01-03,2026-10-07,9483,
000480,1990-01-03,2026-10-07,9483,
000490,1990-01-03,2026-10-07,9483,
000500,1990-01-03,2026-10-07,9483,
000520,1990-01-03,2026-10-07,9483,
000540,1990-01-03,2026-10-07,9483,
000590,1990-01-03,2026-10-07,9483,
000640,1990-01-03,2026-10-07,9483,
000650,1990-01-03,2026-10-07,9483,
000660,1996-12-26,2026-10-07,7430,
000670,1990-01-03,2026-10-07,9483,
000680,1990-01-03,2026-10-07,9483,
000700,1990-01-03,2026-10-07,9483,
000720,1990-01-03,2026-10-07,9483,
000760,1994-04-29,2026-10-07,8214,
000810,1990-01-03,2026-10-07,9483,
000850,1999-11-18,2026-10-07,6624,
000860,1990-01-03,2026-10-07,9483,
000880,1990-01-03,2026-10-07,9483,
000890,1990-01-03,2026-10-07,9483,
000910,1996-07-03,2026-10-07,7573,
000950,1990-01-03,2026-10-07,9482,
000970,1990-01-03,2026-10-07,9483,
000990,1990-01-03,2026-10-07,9483,
001020,1990-01-03,2026-10-07,9483,
001040,1990-01-03,2026-10-07,9483,
001060,1990-01-03,2026-10-07,9483,
001070,1990-01-03,2026-10-07,9483,
001080,1990-01-03,2026-10-07,9483,
001120,1990-01-03,2026-10-07,9483,
001130,1990-01-03,2026-10-07,9483,
001200,1990-01-03,2026-10-07,9483,
001210,1990-01-03,2026-10-07,9483,
001230,1990-01-03,2026-10-07,9483,
001250,1990-01-03,2026-10-07,9483,
001260,1990-01-03,2026-10-07,9483,
001270,1990-01-03,2026-10-07,9483,
001290,1990-01-03,2026-10-07,9483,
001340,1990-01-03,2026-10-07,9483,
001360,1990-01-03,2026-10-07,9483,
001380,1990-01-03,2026-10-07,9483,
001390,1990-01-03,2026-10-07,9483,
001420,1990-01-03,2026-10-07,9483,
001430,1991-03-12,2026-10-07,9138,
001440,1990-01-03,2026-10-07,9483,
001450,1990-01-03,2026-10-07,9483,
001460,1990-01-03,2026-10-07,9483,
001470,1990-01-03,2026-10-07,9483,
001500,1990-06-09,2026-10-07,9356,
001510,1990-01-03,2026-10-07,9483,
001520,1990-01-03,2026-10-07,9483,
001530,1990-01-03,2026-10-07,9483,
001550,1990-01-03,2026-10-07,9483,
001560,2005-12-09,2026-10-07,5134,
001570,1990-01-03,2026-10-07,9483,
001620,1990-09-17,2026-10-07,9273,
001630,1990-01-03,2026-10-07,9483,
001680,1990-01-03,2026-10-07,9483,
001720,1990-01-03,2026-10-07,9483,
001740,1990-01-03,2026-10-07,9483,
001750,1990-01-03,2026-10-07,9483,
001770,1990-01-03,2026-10-07,9483,
001780,1990-01-03,2026-10-07,8218,
001790,1990-01-03,2026-10-07,9483,
001800,1990-01-03,2026-10-07,9483,
001820,1990-01-03,2026-10-07,9483,
001940,1990-01-03,2026-10-07,9483,
002020,1990-01-03,2026-10-07,9483,
002030,1990-01-03,2026-10-07,9483,
002070,1990-01-03,2026-10-07,9483,
002100,1990-01-03,2026-10-07,9483,
002140,1991-01-14,2026-10-07,9183,
002150,2010-08-12,2026-10-07,3972,
002170,1990-01-03,2026-10-07,9483,
002200,1990-01-03,2026-10-07,9483,
002210,1990-01-19,2026-10-07,9469,
002220,1990-01-03,2026-10-07,9483,
002240,1990-01-03,2026-10-07,9483,
002310,1990-01-03,2026-10-07,9483,
002320,1990-01-03,2026-10-07,9483,
002350,1990-01-03,2026-10-07,9483,
002360,1990-01-03,2026-10-07,9483,
002380,1990-01-03,2026-10-07,9483,
002390,1990-01-03,2026-10-07,9483,
002410,1990-01-03,2026-10-07,9483,
002420,1990-01-03,2026-10-07,9482,
002450,1990-01-03,2026-10-07,9483,
002460,1990-01-03,2026-10-07,9483,
002600,1990-01-03,2026-10-07,9483,
002620,1990-01-03,2026-10-07,9483,
002630,1990-01-03,2026-10-07,9483,
002690,2015-09-24,2026-10-07,2704,
002700,1990-01-03,2026-10-07,9483,
002710,1990-01-03,2026-10-07,9483,
002720,1990-01-03,2026-10-07,9483,
002760,1990-01-03,2026-10-07,9483,
002780,1990-01-03,2026-10-07,9483,
002790,1990-01-03,2026-10-07,9483,
002810,1990-01-03,2026-10-07,9483,
002820,1990-01-03,2026-10-07,9483,
002840,1990-01-03,2026-10-07,9483,
002870,1990-01-03,2026-10-07,9483,
002880,1990-01-03,2026-10-07,9483,
002900,1990-01-03,2026-10-07,9483,
002920,1990-01-03,2026-10-07,9483,
002960,1990-01-03,2026-10-07,9483,
002990,1990-01-03,2026-10-07,9483,
003000,1990-01-03,2026-10-07,9483,
003010,1990-01-03,2026-10-07,9483,
003030,1990-01-03,2026-10-07,9483,
003060,1990-01-03,2026-10-07,9483,
003070,1990-01-03,2026-10-07,9483,
003080,1990-01-03,2026-10-07,9483,
003090,1990-01-03,2026-10-07,9483,
003120,1990-01-03,2026-10-07,9483,
003160,1996-07-31,2026-10-07,7550,
003200,1990-01-03,2026-10-07,9483,
003220,1998-05-09,2026-10-07,7029,
003230,1990-01-03,2026-10-07,9483,
003240,1990-01-03,2026-10-07,9483,
003280,1990-01-03,2026-10-07,9483,
003300,1990-01-03,2026-10-07,9483,
003350,1990-01-03,2026-10-07,9483,
003460,1990-01-03,2026-10-07,9483,
003470,1990-01-03,2026-10-07,9483,
003480,1990-01-03,2026-10-07,9483,
003490,1990-01-03,2026-10-07,9483,
003520,1990-01-03,2026-10-07,9483,
003530,1990-01-03,2026-10-07,9483,
003540,1990-01-03,2026-10-07,9483,
003550,1990-01-03,2026-10-07,9483,
003570,1990-01-03,2026-10-07,9483,
003580,1990-03-23,2026-10-07,9419,
003610,1990-01-03,2026-10-07,9483,
003620,1990-01-03,2026-10-07,9483,
003650,1990-01-03,2026-10-07,9483,
003670,2001-11-01,2026-10-07,6149,
003680,1990-01-03,2026-10-07,9483,
003690,1990-01-03,2026-10-07,9483,
003720,1990-01-03,2026-10-07,9483,
003780,1990-01-03,2026-10-07,9483,
003830,1990-01-03,2026-10-07,9483,
003850,1990-01-03,2026-10-07,9483,
003920,1990-01-03,2026-10-07,9483,
003960,1990-01-03,2026-10-07,9483,
004000,1990-01-03,2026-10-07,9483,
004020,1990-01-03,2026-10-07,9483,
004060,1990-01-03,2026-10-07,9483,
004080,1991-02-08,2026-10-07,9161,
004090,1990-01-03,2026-10-07,9483,
004100,1990-01-03,2026-10-07,9483,
004140,1990-01-03,2026-10-07,9483,
004150,1990-01-03,2026-10-07,9483,
004170,1990-01-03,2026-10-07,9483,
004250,1990-01-03,2026-10-07,9483,
004270,1990-01-03,2026-10-07,9483,
004310,1990-01-03,2026-10-07,9483,
004360,1990-01-03,2026-10-07,9483,
004370,1990-01-03,2026-10-07,9483,
004380,1990-01-03,2026-10-07,9483,
004410,1990-01-03,2026-10-07,9483,
004430,1990-01-03,2026-10-07,9483,
004440,2016-03-30,2026-10-07,2580,
004450,1990-01-03,2026-10-07,9483,
004490,1990-01-03,2026-10-07,9483,
004540,1990-01-03,2026-10-07,9483,
004560,1990-01-03,2026-10-07,9483,
004690,1990-01-03,2026-10-07,9483,
004700,1990-01-03,2026-10-07,9483,
004710,1990-01-03,2026-10-07,9483,
004720,1990-06-15,2026-10-07,9351,
004770,1990-01-03,2026-10-07,9483,
004800,1990-01-03,2026-10-07,9483,
004830,1990-01-03,2026-10-07,9483,
004840,1990-01-03,2026-10-07,9483,
004870,1990-01-03,2026-10-07,9483,
004890,2005-06-30,2026-10-07,5247,
004910,1990-01-03,2026-10-07,9483,
004920,1990-01-03,2026-10-07,9483,
004960,1990-01-03,2026-10-07,9483,
004970,1990-01-03,2026-10-07,9483,
004980,1990-01-03,2026-10-07,9483,
004990,1990-01-03,2026-10-07,9483,
005010,1990-01-03,2026-10-07,9483,
005030,1990-01-03,2026-10-07,9483,
005070,1990-01-03,2026-10-07,9483,
005090,1993-01-06,2026-10-07,8604,
005110,1990-01-03,2026-10-07,9483,
005180,1990-01-03,2026-10-07,9483,
005250,1990-01-03,2026-10-07,9483,
005300,1990-01-03,2026-10-07,9483,
005320,1996-12-23,2026-10-07,7432,
005360,1990-01-03,2026-10-07,9483,
005380,1990-01-03,2026-10-07,9483,
005420,1990-01-03,2026-10-07,9483,
005430,1990-01-03,2026-10-07,9483,
005440,1990-01-03,2026-10-07,9483,
005490,1990-01-03,2026-10-07,9483,
005500,1990-01-03,2026-10-07,9483,
005610,1990-01-03,2026-10-07,9483,
005680,1990-01-03,2026-10-07,9483,
005690,1990-01-03,2026-10-07,9483,
005720,1990-01-03,2026-10-07,9483,
005740,1990-01-03,2026-10-07,9483,
005750,1992-12-23,2026-10-07,8610,
005800,1990-01-03,2026-10-07,9483,
005810,1990-01-03,2026-10-07,9483,
005820,1990-04-20,2026-10-07,9396,
005830,1990-01-03,2026-10-07,9483,
005850,1990-01-03,2026-10-07,9483,
005870,1991-09-03,2026-10-07,8995,
005880,1992-04-23,2026-10-07,8810,
005930,1990-01-03,2026-10-07,9483,
005940,1990-01-03,2026-10-07,9483,
005950,1990-01-03,2026-10-07,9483,
005960,1990-01-03,2026-10-07,9483,
006040,1990-01-03,2026-10-07,9483,
006060,1991-02-04,2026-10-07,9165,
006090,1990-01-03,2026-10-07,9483,
006110,1990-01-03,2026-10-07,9483,
006120,1990-01-03,2026-10-07,9483,
006200,1990-01-03,2026-10-07,9483,
006220,1990-01-03,2026-10-07,9483,
006260,1990-01-03,2026-10-07,9483,
006280,1990-01-03,2026-10-07,9483,
006340,1990-01-03,2026-10-07,9483,
006360,1990-01-03,2026-10-07,9483,
006370,1990-01-03,2026-10-07,9483,
006400,1990-01-03,2026-10-07,9483,
006490,1990-01-03,2026-10-07,9483,
006570,1990-01-03,2026-10-07,9482,
006650,1999-08-11,2026-10-07,6693,
006660,1990-01-03,2026-10-07,9483,
006740,1996-07-03,2026-10-07,7572,
006800,1990-01-03,2026-10-07,9483,
006840,1999-08-11,2026-10-07,6693,
006880,2013-11-21,2026-10-07,3158,
006890,1998-05-09,2026-10-07,7028,
006980,1990-01-03,2026-10-07,9483,
007070,2011-12-23,2026-10-07,3631,
007110,1990-01-03,2026-10-07,9483,
007120,1998-05-09,2026-10-07,7029,
007160,1990-01-03,2026-10-07,9483,
007210,1990-01-03,2026-10-07,9483,
007280,1990-01-03,2026-10-07,9483,
007310,1994-08-12,2026-10-07,8128,
007340,1990-01-03,2026-10-07,9483,
007460,1995-07-10,2026-10-07,7862,
007540,1990-01-03,2026-10-07,9483,
007570,1990-01-03,2026-10-07,9483,
007590,1990-01-03,2026-10-07,9482,
007610,1990-01-03,2026-10-07,9483,
007660,2000-08-22,2026-10-07,6440,
007690,1990-01-03,2026-10-07,9483,
007700,1990-01-03,2026-10-07,9483,
007810,1990-01-03,2026-10-07,9483,
007860,1990-01-03,2026-10-07,9483,
007980,1994-12-27,2026-10-07,8016,
008040,1990-01-03,2026-10-07,9483,
008060,1990-01-03,2026-10-07,9483,
008250,1990-01-03,2026-10-07,9483,
008260,1990-01-03,2026-10-07,9483,
008350,1990-01-03,2026-10-07,9483,
008420,1994-11-05,2026-10-07,8060,
008490,1990-03-27,2026-10-07,9416,
008600,1990-01-03,2026-10-07,9483,
008700,1990-01-03,2026-10-07,9483,
008730,1990-01-03,2026-10-07,9483,
008770,1991-03-12,2026-10-07,9138,
008870,1990-06-08,2026-10-07,9355,
008930,1990-01-03,2026-10-07,9483,
008970,1990-01-03,2026-10-07,9483,
009070,1990-01-03,2026-10-07,9483,
009140,1990-01-03,2026-10-07,9483,
009150,1990-01-03,2026-10-07,9483,
009160,1990-01-03,2026-10-07,9483,
009180,1990-01-03,2026-10-07,9483,
009190,1994-04-29,2026-10-07,8215,
009200,1990-06-09,2026-10-07,9356,
009240,2002-07-16,2026-10-07,5978,
009270,1990-01-03,2026-10-07,9483,
009290,1990-01-03,2026-10-07,9483,
009310,1990-01-03,2026-10-07,9483,
009320,1990-01-03,2026-10-07,9483,
009410,1990-01-03,2026-10-07,9483,
009420,1990-01-03,2026-10-07,9483,
009440,1994-11-05,2026-10-07,8060,
009450,1993-08-31,2026-10-07,8409,
009460,1990-01-03,2026-10-07,9483,
009470,1990-01-03,2026-10-07,9483,
009540,1999-08-23,2026-10-07,6685,
009580,1990-01-03,2026-10-07,9483,
009680,1994-01-14,2026-10-07,8300,
009770,2006-10-17,2026-10-07,4924,
009810,1990-01-03,2026-10-07,9483,
009830,1990-01-03,2026-10-07,9483,
009900,2020-12-07,2026-10-07,1428,
009970,1990-01-03,2026-10-07,9483,
010040,1998-05-09,2026-10-07,7029,
010060,1990-01-03,2026-10-07,9483,
010100,1990-01-03,2026-10-07,9483,
010120,1994-07-11,2026-10-07,8156,
010130,1990-07-30,2026-10-07,9314,
010140,1994-01-28,2026-10-07,8288,
010400,2018-09-14,2026-10-07,1975,
010580,1994-12-27,2026-10-07,8016,
010640,1990-01-03,2026-10-07,9483,
010660,1990-01-03,2026-10-07,9483,
010690,1994-01-14,2026-10-07,8300,
010770,1990-01-03,2026-10-07,9483,
010780,1990-01-03,2026-10-07,9483,
010820,1990-01-03,2026-10-07,9483,
010950,1990-01-03,2026-10-07,9483,
010960,2002-07-16,2026-10-07,5978,
011000,1990-01-03,2026-10-07,9483,
011070,2008-07-24,2026-10-07,4488,
011090,1995-07-08,2026-10-07,7863,
011150,1990-01-03,2026-10-07,9483,
011170,1991-05-30,2026-10-07,9073,
011200,1995-10-05,2026-10-07,7792,
011210,2011-02-21,2026-10-07,3842,
011230,1990-01-03,2026-10-07,9483,
011280,1990-01-03,2026-10-07,9483,
011300,1995-11-10,2026-10-07,7761,
011330,1990-01-03,2026-10-07,9483,
011390,1990-09-14,2026-10-07,9275,
011420,1990-01-03,2026-10-07,9483,
011500,2003-01-09,2026-10-07,5859,
011690,1995-12-21,2026-10-07,7726,
011700,1990-01-03,2026-10-07,9483,
011760,1990-01-03,2026-10-07,9483,
011780,1990-01-03,2026-10-07,9483,
011790,1997-07-18,2026-10-07,7269,
011810,1990-09-12,2026-10-07,9277,
011930,1996-07-31,2026-10-07,7550,
012030,1993-01-06,2026-10-07,8604,
012160,2010-01-25,2026-10-07,4110,
012170,1990-01-03,2026-10-07,9483,
012200,1990-01-03,2026-10-07,9483,
012280,1990-01-25,2026-10-07,9464,
012320,1997-03-06,2026-10-07,7378,
012330,1990-01-03,2026-10-07,9483,
012450,1990-01-03,2026-10-07,9483,
012610,1995-10-05,2026-10-07,7792,
012630,1996-10-16,2026-10-07,7489,
012690,1990-01-03,2026-10-07,9483,
012750,1996-01-30,2026-10-07,7698,
012800,1990-01-03,2026-10-07,9483,
013000,1990-01-03,2026-10-07,9483,
013360,1990-01-03,2026-10-07,9483,
013520,1991-02-22,2026-10-07,9152,
013570,1990-01-03,2026-10-07,9483,
013580,1996-01-30,2026-10-07,7698,
013700,1990-01-03,2026-10-07,9483,
013870,2012-11-20,2026-10-07,3405,
013890,2019-10-30,2026-10-07,1702,
014130,1990-01-03,2026-10-07,9483,
014160,1990-03-06,2026-10-07,9433,
014280,1990-01-03,2026-10-07,9483,
014440,1997-08-27,2026-10-07,7236,
014530,1991-01-31,2026-10-07,9168,
014580,1991-03-07,2026-10-07,9142,
014680,1990-01-03,2026-10-07,9483,
014710,2012-06-29,2026-10-07,3504,
014790,1994-08-12,2026-10-07,8128,
014820,1994-03-29,2026-10-07,8241,
014830,2004-12-03,2026-10-07,5388,
014910,1990-03-24,2026-10-07,9418,
014990,1990-01-03,2026-10-07,9483,
015020,1990-01-03,2026-10-07,9483,
015230,1990-01-03,2026-10-07,9483,
015260,1990-01-03,2026-10-07,9483,
015360,1996-12-23,2026-10-07,7432,
015590,1990-01-03,2026-10-07,9483,
015760,1990-01-03,2026-10-07,9483,
015860,1990-03-22,2026-10-07,9420,
015890,1996-01-30,2026-10-07,7698,
016090,1990-09-21,2026-10-07,9269,
016360,1990-01-03,2026-10-07,9483,
016380,1990-01-03,2026-10-07,9483,
016450,1998-05-09,2026-10-07,7028,
016580,1996-07-03,2026-10-07,7573,
016590,1995-12-21,2026-10-07,7726,
016610,1990-01-03,2026-10-07,9483,
016710,1999-12-22,2026-10-07,6600,
016740,2016-07-29,2026-10-07,2497,
016800,1996-12-24,2026-10-07,7431,
016880,1994-11-05,2026-10-07,8060,
017040,1990-09-15,2026-10-07,9274,
017180,2008-07-10,2026-10-07,4498,
017370,2001-08-09,2026-10-07,6205,
017390,1995-08-18,2026-10-07,7830,
017550,1991-08-30,2026-10-07,8998,
017670,1990-01-03,2026-10-07,9483,
017800,1996-07-03,2026-10-07,7573,
017810,1995-10-05,2026-10-07,7792,
017860,2023-12-22,2026-10-07,676,
017900,1996-10-16,2026-10-07,7489,
017940,1997-08-27,2026-10-07,7236,
017960,1995-07-10,2026-10-07,7862,
018250,2018-03-22,2026-10-07,2095,
018260,2014-11-14,2026-10-07,2918,
018470,1990-01-03,2026-10-07,9483,
018500,1995-11-10,2026-10-07,7761,
018670,1997-08-27,2026-10-07,7236,
018880,1996-07-31,2026-10-07,7550,
019170,1990-01-20,2026-10-07,9468,
019180,1996-07-31,2026-10-07,7550,
019490,1998-11-03,2026-10-07,6888,
019680,2004-02-03,2026-10-07,5598,
020000,1996-07-03,2026-10-07,7573,
020120,1996-07-03,2026-10-07,7573,
020150,2011-03-04,2026-10-07,3834,
020560,1999-12-24,2026-10-07,6597,
020760,2002-01-09,2026-10-07,6103,
021050,1996-01-30,2026-10-07,7698,
021240,1998-05-09,2026-10-07,7029,
021820,1996-07-03,2026-10-07,7573,
022100,2000-11-28,2026-10-07,6374,
023000,2011-07-22,2026-10-07,3737,
023150,1996-12-24,2026-10-07,7431,
023350,2011-04-28,2026-10-07,3795,
023450,1996-12-23,2026-10-07,7432,
023530,2006-02-09,2026-10-07,5092,
023590,1997-08-27,2026-10-07,7236,
023800,1997-06-23,2026-10-07,7290,
023810,1998-05-09,2026-10-07,7029,
023960,1997-06-23,2026-10-07,7290,
024070,1996-11-22,2026-10-07,7457,
024090,1999-08-18,2026-10-07,6688,
024110,1998-05-09,2026-10-07,7028,
024720,1998-05-09,2026-10-07,7029,
024890,1997-10-28,2026-10-07,7187,
024900,1997-06-23,2026-10-07,7290,
025000,1994-12-27,2026-10-07,8016,
025530,1997-02-12,2026-10-07,7396,
025540,1996-10-16,2026-10-07,7489,
025560,1996-11-22,2026-10-07,7457,
025620,1995-07-10,2026-10-07,7862,
025750,2003-11-04,2026-10-07,5657,
025820,1995-09-01,2026-10-07,7818,
025860,1995-11-10,2026-10-07,7761,
025890,1997-07-16,2026-10-07,7270,
026890,1997-11-24,2026-10-07,7164,
026940,1996-07-01,2026-10-07,7574,
026960,1996-07-01,2026-10-07,7575,
027410,2014-05-19,2026-10-07,3039,
027740,2000-12-07,2026-10-07,6367,
027970,1996-07-03,2026-10-07,7573,
028050,1996-12-24,2026-10-07,7431,
028100,2009-06-12,2026-10-07,4267,
028260,2014-12-18,2026-10-07,2894,
028670,2007-09-21,2026-10-07,4691,
029460,1997-11-24,2026-10-07,7164,
029530,1996-12-24,2026-10-07,7431,
029780,2007-06-27,2026-10-07,4751,
030000,1998-03-03,2026-10-07,7089,
030190,2000-05-16,2026-10-07,6507,
030200,1998-12-23,2026-10-07,6847,
030210,1996-11-19,2026-10-07,7460,
030610,1999-11-18,2026-10-07,6624,
030720,1996-11-22,2026-10-07,7457,
031210,2025-03-14,2026-10-07,382,
031430,2011-07-14,2026-10-07,3743,
031820,1997-02-12,2026-10-07,7396,
032350,2006-06-08,2026-10-07,5012,
032560,1997-04-22,2026-10-07,7339,
032640,2000-09-21,2026-10-07,6421,
032830,2010-05-12,2026-10-07,4036,
033240,1999-01-06,2026-10-07,6842,
033250,1999-08-11,2026-10-07,6693,
033270,1999-11-11,2026-10-07,6629,
033530,1998-05-09,2026-10-07,7029,
033780,1999-10-08,2026-10-07,6653,
033920,1998-07-27,2026-10-07,6969,
034020,2000-10-25,2026-10-07,6398,
034120,1999-05-14,2026-10-07,6755,
034220,2004-07-23,2026-10-07,5480,
034230,2002-11-05,2026-10-07,5902,
034310,2004-02-04,2026-10-07,5597,
034590,2006-11-07,2026-10-07,4909,
034730,2009-11-11,2026-10-07,4160,
034830,2001-05-22,2026-10-07,6260,
035000,1999-08-11,2026-10-07,6693,
035150,1999-08-11,2026-10-07,6693,
035250,2001-10-25,2026-10-07,6154,
035420,2002-10-29,2026-10-07,5907,
035510,2000-11-16,2026-10-07,6382,
035720,1999-11-11,2026-10-07,6629,
036420,2000-03-23,2026-10-07,6540,
036460,1999-12-15,2026-10-07,6605,
036530,2000-03-07,2026-10-07,6552,
036570,2000-07-11,2026-10-07,6468,
036580,1999-10-25,2026-10-07,6642,
037270,2003-08-01,2026-10-07,5719,
037560,2012-11-09,2026-10-07,3412,
037710,2002-02-07,2026-10-07,6082,
039130,2000-11-28,2026-10-07,6374,
039490,2004-04-23,2026-10-07,5543,
039570,2015-09-24,2026-10-07,2704,
041650,2001-11-15,2026-10-07,6139,
042660,2001-02-02,2026-10-07,6334,
042700,2005-07-22,2026-10-07,5231,
044380,2006-11-15,2026-10-07,4903,
044450,2007-10-26,2026-10-07,4670,
044820,2002-02-07,2026-10-07,6082,
047040,2001-03-23,2026-10-07,6300,
047050,2001-03-23,2026-10-07,6300,
047400,2009-09-29,2026-10-07,4190,
047810,2011-06-30,2026-10-07,3753,
049800,2001-07-26,2026-10-07,6215,
051600,2007-12-14,2026-10-07,4635,
051630,2001-01-29,2026-10-07,6338,
051900,2001-04-25,2026-10-07,6278,
051910,2001-04-25,2026-10-07,6278,
052690,2009-12-14,2026-10-07,4137,
053210,2011-06-03,2026-10-07,3771,
053690,2009-06-23,2026-10-07,4260,
055490,2017-10-31,2026-10-07,2191,
055550,2001-09-10,2026-10-07,6184,
058430,2002-08-16,2026-10-07,5957,
058650,2001-07-30,2026-10-07,6213,
058730,2004-08-02,2026-10-07,5474,
058850,2010-09-16,2026-10-07,3947,
058860,2010-12-17,2026-10-07,3884,
060980,2010-05-19,2026-10-07,4031,
062040,2024-07-29,2026-10-07,531,
063160,2001-12-11,2026-10-07,6121,
064350,2013-10-30,2026-10-07,3174,
064400,2025-02-05,2026-10-07,408,
064960,2002-03-11,2026-10-07,6064,
066570,2002-04-22,2026-10-07,6035,
066970,2003-01-02,2026-10-07,5864,
067830,2002-07-25,2026-10-07,5972,
068270,2005-07-19,2026-10-07,5234,
068290,2002-08-05,2026-10-07,5965,
069260,2002-10-07,2026-10-07,5923,
069460,2002-11-11,2026-10-07,5898,
069620,2002-11-01,2026-10-07,5904,
069640,2011-06-21,2026-10-07,3760,
069730,2003-01-28,2026-10-07,5846,
069960,2002-11-25,2026-10-07,5888,
070960,2016-05-27,2026-10-07,2541,
071050,2003-07-21,2026-10-07,5728,
071090,2003-02-17,2026-10-07,5833,
071320,2010-01-29,2026-10-07,4106,
071840,2011-06-29,2026-10-07,3754,
071950,2005-08-04,2026-10-07,5222,
071970,2009-05-15,2026-10-07,4287,
072130,2003-07-01,2026-10-07,5741,
072710,2003-07-30,2026-10-07,5721,
073240,2005-02-17,2026-10-07,5338,
074610,2003-12-23,2026-10-07,5622,
075180,2005-10-21,2026-10-07,5169,
075580,2015-11-30,2026-10-07,2660,
077500,2004-08-05,2026-10-07,5471,
077970,2004-05-10,2026-10-07,5533,
078000,2004-07-20,2026-10-07,5483,
078520,2005-02-04,2026-10-07,5344,
078930,2004-08-05,2026-10-07,5471,
079160,2004-12-24,2026-10-07,5373,
079430,2005-11-22,2026-10-07,5147,
079550,2015-10-02,2026-10-07,2700,
079900,2024-08-19,2026-10-07,517,
079980,2012-02-23,2026-10-07,3590,
081000,2004-12-22,2026-10-07,5375,
081660,2010-09-28,2026-10-07,3942,
082740,2011-01-04,2026-10-07,3873,
083420,2005-10-20,2026-10-07,5170,
084010,2005-10-31,2026-10-07,5163,
084670,2005-07-25,2026-10-07,5230,
084680,2005-07-26,2026-10-07,5229,
084690,2005-08-17,2026-10-07,5214,
084870,2005-12-19,2026-10-07,5128,
085310,2008-01-24,2026-10-07,4610,
085620,2015-07-08,2026-10-07,2759,
086280,2005-12-26,2026-10-07,5123,
086790,2005-12-12,2026-10-07,5133,
088350,2010-03-17,2026-10-07,4075,
088790,2006-03-28,2026-10-07,5060,
088980,2006-03-15,2026-10-07,5069,
089470,2006-09-25,2026-10-07,4937,
089590,2015-11-06,2026-10-07,2676,
089860,2021-08-19,2026-10-07,1254,
090080,2006-06-02,2026-10-07,5015,
090350,2006-07-03,2026-10-07,4995,
090370,2006-12-26,2026-10-07,4875,
090430,2006-06-29,2026-10-07,4997,
090460,2007-01-26,2026-10-07,4854,
091810,2018-08-01,2026-10-07,2006,
092200,2007-10-18,2026-10-07,4676,
092220,2006-10-16,2026-10-07,4925,
092230,2006-10-12,2026-10-07,4927,
092440,2007-10-30,2026-10-07,4668,
092780,2017-12-08,2026-10-07,2163,
092790,2023-08-21,2026-10-07,760,
093050,2006-12-01,2026-10-07,4891,
093240,2009-09-28,2026-10-07,4191,
093370,2006-12-22,2026-10-07,4876,
094280,2007-10-25,2026-10-07,4671,
094800,2007-04-09,2026-10-07,4805,
095570,2015-08-21,2026-10-07,2728,
095720,2007-05-31,2026-10-07,4769,
096760,2007-07-31,2026-10-07,4728,
096770,2007-07-25,2026-10-07,4732,
097230,2007-08-31,2026-10-07,4706,
097520,2012-07-25,2026-10-07,3486,
097950,2007-09-28,2026-10-07,4689,
100090,2008-08-01,2026-10-07,4482,
100220,2008-06-30,2026-10-07,4506,
100250,2008-02-15,2026-10-07,4597,
100840,2008-02-22,2026-10-07,4592,
101140,2008-04-02,2026-10-07,4564,
101530,2016-05-11,2026-10-07,2553,
102260,2008-06-23,2026-10-07,4511,
102460,2010-06-10,2026-10-07,4017,
103140,2008-07-30,2026-10-07,4484,
103590,2008-08-01,2026-10-07,4482,
104700,2008-09-29,2026-10-07,4443,
105560,2008-10-10,2026-10-07,4435,
105630,2009-03-20,2026-10-07,4325,
105840,2010-07-26,2026-10-07,3985,
107590,2009-03-02,2026-10-07,4339,
108320,2010-06-08,2026-10-07,4019,
108670,2009-04-20,2026-10-07,4304,
109070,2009-03-17,2026-10-07,4328,
111110,2017-02-02,2026-10-07,2371,
111380,2023-11-21,2026-10-07,699,
111770,2009-07-30,2026-10-07,4233,
112610,2014-11-27,2026-10-07,2909,
114090,2009-11-19,2026-10-07,4154,
117580,2010-12-24,2026-10-07,3879,
118000,2009-12-30,2026-10-07,4126,
119650,2010-01-29,2026-10-07,4106,
120030,2010-02-19,2026-10-07,4092,
120110,2010-02-01,2026-10-07,4105,
122900,2010-07-30,2026-10-07,3981,
123690,2010-06-01,2026-10-07,4023,
123700,2010-05-31,2026-10-07,4024,
123890,2016-07-13,2026-10-07,2509,
126560,2010-12-23,2026-10-07,3880,
126720,2022-08-01,2026-10-07,1021,
128820,2010-07-30,2026-10-07,3981,
128940,2010-07-30,2026-10-07,3981,
129260,2011-12-16,2026-10-07,3636,
130660,2010-12-16,2026-10-07,3885,
133820,2014-07-22,2026-10-07,2995,
134380,2011-02-15,2026-10-07,3846,
134790,2011-01-25,2026-10-07,3858,
136490,2011-02-16,2026-10-07,3845,
137310,2021-07-16,2026-10-07,1277,
138930,2011-03-30,2026-10-07,3816,
139130,2011-06-07,2026-10-07,3770,
139480,2011-06-10,2026-10-07,3767,
139990,2021-08-20,2026-10-07,1253,
143210,2016-12-02,2026-10-07,2412,
145210,2015-03-19,2026-10-07,2835,
145720,2017-03-15,2026-10-07,2343,
145990,2011-12-05,2026-10-07,3645,
155660,2013-05-15,2026-10-07,3286,
161000,2012-09-17,2026-10-07,3449,
161390,2012-10-04,2026-10-07,3438,
161890,2012-10-19,2026-10-07,3427,
163560,2012-10-19,2026-10-07,3427,
170900,2013-04-08,2026-10-07,3312,
175330,2013-07-18,2026-10-07,3242,
178920,2014-12-08,2026-10-07,2902,
180640,2013-09-16,2026-10-07,3201,
181710,2013-08-29,2026-10-07,3213,
183190,2013-11-06,2026-10-07,3169,
185750,2013-12-06,2026-10-07,3147,
192080,2015-11-04,2026-10-07,2678,
192400,2014-08-06,2026-10-07,2984,
192650,2019-03-14,2026-10-07,1858,
192820,2014-04-07,2026-10-07,3066,
194370,2016-02-04,2026-10-07,2615,
195870,2016-06-24,2026-10-07,2522,
200880,2014-08-08,2026-10-07,2982,
204320,2014-10-06,2026-10-07,2946,
207940,2016-11-10,2026-10-07,2428,
210540,2015-01-15,2026-10-07,2877,
210980,2015-06-23,2026-10-07,2770,
213500,2015-01-26,2026-10-07,2870,
214320,2015-07-17,2026-10-07,2752,
214330,2015-11-11,2026-10-07,2673,
214390,2015-06-29,2026-10-07,2766,
214420,2015-07-10,2026-10-07,2757,
217590,2025-12-15,2026-10-07,197,
226320,2015-12-28,2026-10-07,2641,
227840,2015-10-23,2026-10-07,2686,
229640,2016-09-22,2026-10-07,2462,
234080,2016-10-27,2026-10-07,2438,
241560,2016-11-18,2026-10-07,2422,
241590,2016-10-04,2026-10-07,2455,
244920,2020-11-20,2026-10-07,1439,
248070,2021-02-02,2026-10-07,1390,
248170,2016-08-09,2026-10-07,2490,
249420,2016-08-31,2026-10-07,2475,
251270,2017-05-12,2026-10-07,2305,
259960,2021-08-10,2026-10-07,1260,
264900,2017-04-11,2026-10-07,2324,
267250,2017-05-10,2026-10-07,2307,
267260,2017-05-10,2026-10-07,2307,
267270,2017-05-10,2026-10-07,2307,
267290,2017-05-12,2026-10-07,2305,
267850,2018-11-23,2026-10-07,1930,
268280,2017-05-22,2026-10-07,2299,
271560,2017-07-07,2026-10-07,2266,
271940,2021-09-01,2026-10-07,1245,
271980,2017-07-17,2026-10-07,2260,
272210,2019-11-13,2026-10-07,1692,
272450,2017-12-08,2026-10-07,2163,
272550,2017-11-29,2026-10-07,2170,
278470,2024-02-27,2026-10-07,634,
279570,2026-03-05,2026-10-07,146,
280360,2017-10-30,2026-10-07,2192,
281820,2017-12-05,2026-10-07,2166,
282330,2017-12-08,2026-10-07,2163,
284740,2018-01-11,2026-10-07,2142,
285130,2018-01-05,2026-10-07,2146,
286940,2018-07-27,2026-10-07,2009,
293480,2018-10-02,2026-10-07,1966,
294870,2018-06-12,2026-10-07,2041,
298000,2018-07-13,2026-10-07,2019,
298020,2018-07-13,2026-10-07,2019,
298040,2018-07-13,2026-10-07,2019,
298050,2018-07-13,2026-10-07,2019,
298690,2018-12-27,2026-10-07,1907,
300720,2018-08-06,2026-10-07,2003,
302440,2021-03-18,2026-10-07,1361,
306200,2018-10-05,2026-10-07,1964,
307950,2019-03-28,2026-10-07,1848,
308170,2019-11-25,2026-10-07,1684,
316140,2019-02-13,2026-10-07,1878,
317400,2019-11-06,2026-10-07,1697,
317450,2025-10-01,2026-10-07,245,
322000,2019-11-19,2026-10-07,1688,
323410,2021-08-06,2026-10-07,1262,
326030,2020-07-02,2026-10-07,1535,
329180,2021-09-17,2026-10-07,1233,
336260,2019-10-18,2026-10-07,1710,
336370,2019-10-18,2026-10-07,1710,
339770,2020-11-12,2026-10-07,1445,
344820,2020-01-21,2026-10-07,1646,
352820,2020-10-15,2026-10-07,1465,
353200,2020-05-21,2026-10-07,1565,
361610,2021-05-11,2026-10-07,1324,
363280,2020-09-22,2026-10-07,1478,
372910,2021-08-17,2026-10-07,1256,
373220,2022-01-27,2026-10-07,1145,
375500,2021-01-25,2026-10-07,1396,
377300,2021-11-03,2026-10-07,1205,
377740,2022-12-22,2026-10-07,923,
378850,2021-03-15,2026-10-07,1364,
381970,2021-10-13,2026-10-07,1220,
383220,2021-05-21,2026-10-07,1317,
383800,2021-05-27,2026-10-07,1313,
402340,2021-11-29,2026-10-07,1187,
403550,2022-08-22,2026-10-07,1007,
415640,2024-11-29,2026-10-07,449,
439260,2025-08-01,2026-10-07,287,
443060,2024-05-08,2026-10-07,587,
446070,2022-11-28,2026-10-07,941,
450080,2023-11-17,2026-10-07,701,
452260,2023-03-31,2026-10-07,856,
453340,2023-04-10,2026-10-07,850,
454910,2023-10-05,2026-10-07,731,
456040,2023-05-30,2026-10-07,817,
457190,2023-05-31,2026-10-07,816,
460850,2023-06-16,2026-10-07,805,
460860,2023-06-16,2026-10-07,805,
462520,2023-07-28,2026-10-07,775,
462870,2024-07-11,2026-10-07,543,
465770,2023-09-15,2026-10-07,741,
475150,2024-03-29,2026-10-07,612,
475560,2024-11-06,2026-10-07,466,
480370,2025-03-17,2026-10-07,381,
483650,2025-05-22,2026-10-07,336,
484870,2024-12-16,2026-10-07,438,
487570,2024-07-29,2026-10-07,531,
489790,2024-09-27,2026-10-07,491,
499790,2024-12-23,2026-10-07,433,
900140,2010-11-30,2026-10-07,3897,
950210,2021-02-05,2026-10-07,1387,
