variant,period,gap,signals,tickers,mean_net,mean_excess,median_excess,excess_win_rate,win_rate,mean_mae,mean_mfe,mean_gap,top3_removed_excess
rs_only,all,nonpositive,10176,760,-0.009881565225539036,-0.016680096377089313,-0.03139799029051016,0.3963246855345912,0.419811320754717,-0.12234356525056966,0.1470931199990604,-0.011594500654989164,-0.01717066217384392
rs_only,all,0_to_3pct,8854,743,-0.0037291543948161296,-0.011659542717555345,-0.03262387716166493,0.3997063474135984,0.4288457194488367,-0.12053501728212071,0.1495733134048188,0.010817760835704517,-0.012409169493317088
rs_only,all,above_3pct,1989,584,-0.03268598729399968,-0.049095745133536456,-0.0947203536686535,0.3117144293614882,0.34841628959276016,-0.19687649582416095,0.25417460489406596,0.06766535639084023,-0.05330053298373262
rs_only,pre2025,nonpositive,9297,737,-0.011212010459060912,-0.014020772636394195,-0.02817723102986902,0.4038937291599441,0.41959771969452514,-0.12136417692871436,0.14336260504476883,-0.011111572360228864,-0.014556876346224462
rs_only,pre2025,0_to_3pct,8267,725,-0.0053810868603996476,-0.009455101697659434,-0.03113111977566363,0.4041369299625015,0.42506350550381033,-0.12039092853759564,0.1464909358851963,0.010757308232997295,-0.01025717493933509
rs_only,pre2025,above_3pct,1706,531,-0.03542686946625543,-0.043288338842218194,-0.08980349653197711,0.3159437280187573,0.34232121922626024,-0.1958018966879255,0.24804607339406232,0.06622996141294916,-0.04689752782100011
rs_setup,all,nonpositive,2879,616,-0.002512732028604847,-0.0027815214673909093,-0.01675525287720414,0.43626259117749216,0.44251476207016327,-0.10241319419961564,0.11580346926546894,-0.00904594264781142,-0.003717198846250879
rs_setup,all,0_to_3pct,2661,594,-0.0033231280290144313,-0.007917304391777017,-0.02573219301932328,0.399098083427283,0.4160090191657272,-0.10466766162258569,0.11841486877610179,0.009597923132652649,-0.009605463729070604
rs_setup,all,above_3pct,137,116,-0.005262834681770029,-0.025590365787259962,-0.04820585001368771,0.38686131386861317,0.44525547445255476,-0.13342076437873165,0.16031870269601814,0.045133150942601646,-0.036596807572043116
rs_setup,pre2025,nonpositive,2734,608,-0.0037745755811903143,-0.0020498835235901194,-0.016142960187491284,0.4389173372348208,0.43928310168251644,-0.10269544962357863,0.11374480380843381,-0.008762429985121788,-0.003034436151847108
rs_setup,pre2025,0_to_3pct,2485,576,-0.004491536809116743,-0.00644380904551217,-0.02427383454302001,0.4040241448692153,0.41207243460764587,-0.10440531400586635,0.11703725635702202,0.009490483682489262,-0.00824989568229201
rs_setup,pre2025,above_3pct,113,101,-0.023661644611340252,-0.03809618973176803,-0.050881962476237996,0.36283185840707965,0.40707964601769914,-0.13694713453877458,0.14610640124863417,0.04517486676411051,-0.04719564392076157
rs_trigger,all,nonpositive,7211,743,-0.009917713374024148,-0.016681136611209336,-0.032990175213615025,0.3917625849396755,0.40881985854943836,-0.122523793023598,0.1496413831153895,-0.011632860995871318,-0.017373496346376784
rs_trigger,all,0_to_3pct,6900,717,-0.003660935619843629,-0.012054754537749695,-0.03072727983887852,0.4033333333333333,0.4301449275362319,-0.11990413511997103,0.14826571771469982,0.010923340875170945,-0.013017731488865055
rs_trigger,all,above_3pct,1866,572,-0.03661837509134024,-0.05216512771654199,-0.10402059353401794,0.3102893890675241,0.34137191854233656,-0.19738972186846118,0.25967844655150607,0.07044139634615527,-0.05528963708166924
rs_trigger,pre2025,nonpositive,6527,721,-0.011660878111446019,-0.0139442017408369,-0.029411389413028788,0.39788570553087177,0.4076911291558143,-0.1210498852543625,0.14486703471823847,-0.011123473428838444,-0.014707892446918412
rs_trigger,pre2025,0_to_3pct,6437,699,-0.00459618391662699,-0.009399065828065727,-0.028371130184077217,0.4088861270778313,0.42877116669255866,-0.11911109818777516,0.14532053378040066,0.010854019494396159,-0.010430101725752011
rs_trigger,pre2025,above_3pct,1630,527,-0.0371249744200686,-0.04491801510941233,-0.09586039865917623,0.3159509202453988,0.34049079754601225,-0.19603734586976398,0.25866195500539924,0.0691151180886873,-0.0484073369903416
v6,all,nonpositive,556,319,-0.0032536735853302724,-0.002639884450073027,-0.017652166035171224,0.4352517985611511,0.42985611510791366,-0.10405127313720076,0.11258071165456117,-0.006486982569197135,-0.006695285911352231
v6,all,0_to_3pct,620,323,0.0006204217045594155,-0.002149898349741594,-0.016856403584643683,0.43709677419354837,0.4774193548387097,-0.10054227132359875,0.11350118812017869,0.009841491985713848,-0.005400511601458137
v6,all,above_3pct,19,19,-0.055992214688359854,-0.05051749215657388,-0.10091081812156466,0.21052631578947367,0.2631578947368421,-0.1652044649394311,0.11418660105330262,0.044166339492104155,-0.12443638753699973
v6,pre2025,nonpositive,520,301,-0.00657905943127636,-0.0032341241950407437,-0.016379751967403485,0.43846153846153846,0.4269230769230769,-0.1040486601642405,0.10914293772773681,-0.006233914950683421,-0.007575361578642883
v6,pre2025,0_to_3pct,591,313,-0.0014321749322994562,-0.0037347008946391237,-0.014595864613930032,0.43824027072758037,0.4754653130287648,-0.1003261218609355,0.11130623567155912,0.009764599833144313,-0.00696818893578917
v6,pre2025,above_3pct,18,18,-0.07829814678809074,-0.06681190660542799,-0.10820160206432261,0.16666666666666666,0.2222222222222222,-0.1738431164436174,0.09508981207909739,0.044375356108107694,-0.1358100968591701
v6_proxy,all,nonpositive,599,333,-0.008816947998859176,-0.00838651809069271,-0.024083523922645678,0.41569282136894825,0.41068447412353926,-0.10785734098273368,0.10953629555012945,-0.0065094496145709614,-0.012178257870909587
v6_proxy,all,0_to_3pct,673,333,0.0017073225018164667,-0.0015852820923168435,-0.018742590259368527,0.4323922734026746,0.46953937592867756,-0.10191376756403221,0.11554924259442717,0.01005770174520558,-0.004836738463198286
v6_proxy,all,above_3pct,21,21,-0.055981954179863846,-0.05018330633950678,-0.06901547786786177,0.23809523809523808,0.2857142857142857,-0.17105514294945365,0.12045458388446081,0.04505008694096727,-0.11583329348592966
v6_proxy,pre2025,nonpositive,563,315,-0.012244085687631833,-0.009302829775320634,-0.022915686241259055,0.41740674955595025,0.4067495559502664,-0.10809829959108153,0.10616641735881824,-0.006277147042646141,-0.013343233068290538
v6_proxy,pre2025,0_to_3pct,644,324,-0.00012740496598343855,-0.003014233074567032,-0.018095202612994684,0.4332298136645963,0.4673913043478261,-0.10177716672325363,0.11362715669787286,0.009996873827281145,-0.006419478973845218
v6_proxy,pre2025,above_3pct,20,20,-0.07605678004419685,-0.06483157005262212,-0.09225393193747117,0.2,0.25,-0.17912246320372244,0.10358087294923404,0.04528238926781362,-0.12399627794861016
