year,first,last,historical_kospi_tickers,survivor_kospi_tickers,historical_kospi_rows,survivor_kospi_rows,source_url
1995,1995-05-02,1995-12-27,1140,373,198903,71852,https://raw.githubusercontent.com/FinanceData/marcap/446fd365d3e06e742424ad125e5154ad1bc041d3/data/marcap-1995.parquet
1996,1996-01-03,1996-12-27,1194,404,293030,112342,https://raw.githubusercontent.com/FinanceData/marcap/446fd365d3e06e742424ad125e5154ad1bc041d3/data/marcap-1996.parquet
1997,1997-01-03,1997-12-27,1001,419,278442,119962,https://raw.githubusercontent.com/FinanceData/marcap/446fd365d3e06e742424ad125e5154ad1bc041d3/data/marcap-1997.parquet
1998,1998-01-03,1998-12-28,965,422,274981,122639,https://raw.githubusercontent.com/FinanceData/marcap/446fd365d3e06e742424ad125e5154ad1bc041d3/data/marcap-1998.parquet
1999,1999-01-04,1999-12-28,990,437,229763,106179,https://raw.githubusercontent.com/FinanceData/marcap/446fd365d3e06e742424ad125e5154ad1bc041d3/data/marcap-1999.parquet
2000,2000-01-04,2000-12-26,954,440,221591,105651,https://raw.githubusercontent.com/FinanceData/marcap/446fd365d3e06e742424ad125e5154ad1bc041d3/data/marcap-2000.parquet
2001,2001-01-02,2001-12-28,934,450,220313,109713,https://raw.githubusercontent.com/FinanceData/marcap/446fd365d3e06e742424ad125e5154ad1bc041d3/data/marcap-2001.parquet
2002,2002-01-02,2002-12-30,918,468,211072,111631,https://raw.githubusercontent.com/FinanceData/marcap/446fd365d3e06e742424ad125e5154ad1bc041d3/data/marcap-2002.parquet
2003,2003-01-02,2003-12-30,887,482,211869,116932,https://raw.githubusercontent.com/FinanceData/marcap/446fd365d3e06e742424ad125e5154ad1bc041d3/data/marcap-2003.parquet
2004,2004-01-02,2004-12-30,884,494,209967,121081,https://raw.githubusercontent.com/FinanceData/marcap/446fd365d3e06e742424ad125e5154ad1bc041d3/data/marcap-2004.parquet
2005,2005-01-03,2005-12-29,888,510,210506,124103,https://raw.githubusercontent.com/FinanceData/marcap/446fd365d3e06e742424ad125e5154ad1bc041d3/data/marcap-2005.parquet
2006,2006-01-02,2006-12-28,897,528,215118,127513,https://raw.githubusercontent.com/FinanceData/marcap/446fd365d3e06e742424ad125e5154ad1bc041d3/data/marcap-2006.parquet
2007,2007-01-02,2007-12-28,926,543,219608,131127,https://raw.githubusercontent.com/FinanceData/marcap/446fd365d3e06e742424ad125e5154ad1bc041d3/data/marcap-2007.parquet
2008,2008-01-02,2008-12-30,940,559,228351,136778,https://raw.githubusercontent.com/FinanceData/marcap/446fd365d3e06e742424ad125e5154ad1bc041d3/data/marcap-2008.parquet
2009,2009-01-02,2009-12-30,956,576,233300,143180,https://raw.githubusercontent.com/FinanceData/marcap/446fd365d3e06e742424ad125e5154ad1bc041d3/data/marcap-2009.parquet
2010,2010-01-04,2010-12-30,964,600,231877,147528,https://raw.githubusercontent.com/FinanceData/marcap/446fd365d3e06e742424ad125e5154ad1bc041d3/data/marcap-2010.parquet
2011,2011-01-03,2011-12-29,960,621,230867,151704,https://raw.githubusercontent.com/FinanceData/marcap/446fd365d3e06e742424ad125e5154ad1bc041d3/data/marcap-2011.parquet
2012,2012-01-02,2012-12-28,956,629,231736,154636,https://raw.githubusercontent.com/FinanceData/marcap/446fd365d3e06e742424ad125e5154ad1bc041d3/data/marcap-2012.parquet
2013,2013-01-02,2013-12-30,943,638,227114,156086,https://raw.githubusercontent.com/FinanceData/marcap/446fd365d3e06e742424ad125e5154ad1bc041d3/data/marcap-2013.parquet
2014,2014-01-02,2014-12-30,929,647,221708,157069,https://raw.githubusercontent.com/FinanceData/marcap/446fd365d3e06e742424ad125e5154ad1bc041d3/data/marcap-2014.parquet
2015,2015-01-02,2015-12-30,920,664,219643,162168,https://raw.githubusercontent.com/FinanceData/marcap/446fd365d3e06e742424ad125e5154ad1bc041d3/data/marcap-2015.parquet
2016,2016-01-04,2016-12-29,906,681,218616,165097,https://raw.githubusercontent.com/FinanceData/marcap/446fd365d3e06e742424ad125e5154ad1bc041d3/data/marcap-2016.parquet
2017,2017-01-02,2017-12-28,917,700,215214,167519,https://raw.githubusercontent.com/FinanceData/marcap/446fd365d3e06e742424ad125e5154ad1bc041d3/data/marcap-2017.parquet
2018,2018-01-02,2018-12-28,909,717,218601,172796,https://raw.githubusercontent.com/FinanceData/marcap/446fd365d3e06e742424ad125e5154ad1bc041d3/data/marcap-2018.parquet
2019,2019-01-02,2019-12-30,922,730,222301,177658,https://raw.githubusercontent.com/FinanceData/marcap/446fd365d3e06e742424ad125e5154ad1bc041d3/data/marcap-2019.parquet
2020,2020-01-02,2020-12-30,932,738,226590,181753,https://raw.githubusercontent.com/FinanceData/marcap/446fd365d3e06e742424ad125e5154ad1bc041d3/data/marcap-2020.parquet
2021,2021-01-04,2021-12-30,946,759,230502,185651,https://raw.githubusercontent.com/FinanceData/marcap/446fd365d3e06e742424ad125e5154ad1bc041d3/data/marcap-2021.parquet
2022,2022-01-03,2022-12-29,952,765,231274,187207,https://raw.githubusercontent.com/FinanceData/marcap/446fd365d3e06e742424ad125e5154ad1bc041d3/data/marcap-2022.parquet
2023,2023-01-02,2023-12-28,964,781,232425,189119,https://raw.githubusercontent.com/FinanceData/marcap/446fd365d3e06e742424ad125e5154ad1bc041d3/data/marcap-2023.parquet
2024,2024-01-02,2024-12-30,968,796,233167,192257,https://raw.githubusercontent.com/FinanceData/marcap/446fd365d3e06e742424ad125e5154ad1bc041d3/data/marcap-2024.parquet
2025,2025-01-02,2025-12-30,971,803,232518,193566,https://raw.githubusercontent.com/FinanceData/marcap/446fd365d3e06e742424ad125e5154ad1bc041d3/data/marcap-2025.parquet
2026,2026-01-02,2026-10-02,961,804,174360,147896,https://raw.githubusercontent.com/FinanceData/marcap/446fd365d3e06e742424ad125e5154ad1bc041d3/data/marcap-2026.parquet
