variant,horizon,signals,mean_net,mean_excess
rs_only,5,18962,-0.011271666885855939,-0.011793031039459959
rs_only,10,18962,-0.010559165641792823,-0.011867465218724668
rs_only,20,18962,-0.010982162354151755,-0.015100740238371853
rs_only,40,18962,-0.007771132043592894,-0.01716809363350092
rs_only,60,18962,-0.004170295846630514,-0.01780120443109089
rs_setup,5,5243,-0.00779487895967463,-0.007170758671048008
rs_setup,10,5243,-0.004960767901683458,-0.0049104585359035485
rs_setup,20,5243,-0.004394761845134689,-0.005109556228315211
rs_setup,40,5243,0.001093815741822298,-0.004010653338352383
rs_setup,60,5243,0.007721800617946292,-0.00033506074605244853
rs_trigger,5,14357,-0.011401088673092493,-0.011903920095488218
rs_trigger,10,14357,-0.010006439780257148,-0.011623553344611284
rs_trigger,20,14357,-0.011488390383106353,-0.015838569585516195
rs_trigger,40,14357,-0.007760849009845985,-0.01743509197561301
rs_trigger,60,14357,-0.005197542111692629,-0.018658076342082445
v6,5,1109,-0.012311343240128598,-0.009286473282023694
v6,10,1109,-0.011100685282217472,-0.008923742707123702
v6,20,1109,-0.004089937306387658,-0.004335900530776796
v6,40,1109,0.0008253717174039038,-0.005052243910866991
v6,60,1109,0.0002753620805560784,-0.008049098015352068
v6_proxy,5,1207,-0.012341216897285498,-0.009476974440270045
v6_proxy,10,1207,-0.014165355508001605,-0.012380559236419895
v6_proxy,20,1207,-0.0062833438046106934,-0.006849345050058954
v6_proxy,40,1207,-0.00036460005876154497,-0.006078739026189892
v6_proxy,60,1207,0.00034170863419699546,-0.0071531352156558375
