model,year,return,index_return,avg_exposure,year_mdd
v6_cash,1996,-0.05834413535769423,-0.2618980153917646,0.032736844029406215,-0.05834413535769423
v6_cash,1997,0.08448894161507736,-0.42214612573323906,0.031551809651902525,-0.02185304376370334
v6_cash,1998,-0.006327686886700712,0.4946719460019666,0.012825765985304584,-0.02115263692214564
v6_cash,1999,-0.015952224559415917,0.8278099775984065,0.07460995139887971,-0.07022841769374988
v6_cash,2000,-0.018442684456109193,-0.5091579367163714,0.03270319624109227,-0.05957004192472337
v6_cash,2001,-0.08757471129001915,0.3746977923982404,0.13836311461706,-0.15236483458723094
v6_cash,2002,-0.09222029466483339,-0.09535822401614558,0.07540012929311898,-0.12246933446258201
v6_cash,2003,0.10174467896086181,0.2918651900246996,0.18178681974113517,-0.1019394185182797
v6_cash,2004,0.01453852688973667,0.10510540143824554,0.10703511163285923,-0.04564118116688276
v6_cash,2005,0.1455909046435726,0.5396129118671309,0.23399081840442984,-0.087450530034072
v6_cash,2006,0.03042234144567102,0.03993852265889508,0.20964859174230402,-0.11113859391665748
v6_cash,2007,-0.0532165410019253,0.3225394922130975,0.18583765082971168,-0.10160787544695793
v6_cash,2008,-0.16070066399721616,-0.4072783625792644,0.1637453738748335,-0.16101679063849716
v6_cash,2009,0.01764198520426019,0.49650057360356414,0.2986680767576414,-0.08347426772167332
v6_cash,2010,0.04295437042451078,0.2188237251674321,0.3344868452609095,-0.09155336598486385
v6_cash,2011,-0.06645110068977311,-0.10982935153583617,0.28304495953857123,-0.09973972599164382
v6_cash,2012,-0.05620369973439909,0.09383044683251729,0.23047788839994637,-0.08021866317518733
v6_cash,2013,-0.08645395713900128,0.007155554442803247,0.39326322701613653,-0.1754044154823735
v6_cash,2014,-0.1573573523120777,-0.04760507920093071,0.6379903999406424,-0.21149386148203397
v6_cash,2015,0.10132275438347849,0.023867320251202084,0.4590413407368557,-0.2067021618060102
v6_cash,2016,-0.03799594214756152,0.03321759436295135,0.5018104635896854,-0.12009906054131891
v6_cash,2017,0.016297022979817832,0.21763567995420585,0.4623540660703273,-0.06711412303180642
v6_cash,2018,0.0023147267455390086,-0.17282744813555473,0.4180394311673353,-0.16608294971848836
v6_cash,2019,-0.038737281077052654,0.07674028926429677,0.3047021465525926,-0.1035652163955868
v6_cash,2020,-0.21444965802135363,0.3075074965759188,0.4054868787467972,-0.4146926928160758
v6_cash,2021,-0.06875691378104032,0.03625581613867568,0.5330406071580677,-0.1738894994628556
v6_cash,2022,-0.09451297510822432,-0.24893792084361832,0.42276829814193806,-0.20653318840141865
v6_cash,2023,0.01733537331778301,0.18730101949561817,0.46378544205262423,-0.13339388460116997
v6_cash,2024,0.09755551683831398,-0.0963325901599833,0.5729957675364324,-0.12159222493396882
v6_cash,2025,0.30938329130836517,0.7562773756089838,0.3825263070876467,-0.08868256145739684
v6_cash,2026,0.04480068101172474,0.6619500399841487,0.1268254371583785,-0.07949306655398092
same_schedule_index,1996,-0.028991525377135785,-0.2618980153917646,0.03332137479651982,-0.03206611589100339
same_schedule_index,1997,0.016213215688226645,-0.42214612573323906,0.030893680044829053,-0.016756269421329573
same_schedule_index,1998,-0.00993413267933485,0.4946719460019666,0.012514694468833805,-0.021072716857664764
same_schedule_index,1999,0.1084694842452314,0.8278099775984065,0.07634029978272536,-0.032989435312919646
same_schedule_index,2000,-0.048954468060625644,-0.5091579367163714,0.03209658042452499,-0.06373354137645604
same_schedule_index,2001,-0.04964646394205585,0.3746977923982404,0.13693999201064205,-0.10303310688471945
same_schedule_index,2002,-0.043742754797242434,-0.09535822401614558,0.0784644466590726,-0.06871830008079871
same_schedule_index,2003,0.057229167712199436,0.2918651900246996,0.1836027606039624,-0.0452292422283993
same_schedule_index,2004,0.04528311574873323,0.10510540143824554,0.10797168670712493,-0.01726452553185176
same_schedule_index,2005,0.08723881242947717,0.5396129118671309,0.23333582010715645,-0.03451409087236579
same_schedule_index,2006,0.03610437433907565,0.03993852265889508,0.21113005918800676,-0.04253171615289886
same_schedule_index,2007,0.016163500595281155,0.3225394922130975,0.18723697115487928,-0.04334259496338588
same_schedule_index,2008,-0.14128770750746078,-0.4072783625792644,0.16478930675991657,-0.14627314909934763
same_schedule_index,2009,0.04039301281788976,0.49650057360356414,0.3014436189361173,-0.08505606896977669
same_schedule_index,2010,0.10063026809594144,0.2188237251674321,0.33466973900379676,-0.03812646362769467
same_schedule_index,2011,-0.06737910858950757,-0.10982935153583617,0.2847313069394674,-0.1067200390060814
same_schedule_index,2012,0.020578668705497405,0.09383044683251729,0.23272820595997037,-0.0383916801033245
same_schedule_index,2013,-0.08496599718300557,0.007155554442803247,0.3935288446564165,-0.11001224774483875
same_schedule_index,2014,-0.1185615033794053,-0.04760507920093071,0.6430477939839551,-0.1230711203349012
same_schedule_index,2015,-0.0654341443399199,0.023867320251202084,0.4576858596938494,-0.12905547347055635
same_schedule_index,2016,0.02061972424946079,0.03321759436295135,0.5004504429081316,-0.047521053445763406
same_schedule_index,2017,0.09179909257136143,0.21763567995420585,0.46696030913792724,-0.03286885081336721
same_schedule_index,2018,-0.09953417895259509,-0.17282744813555473,0.4181383396774177,-0.12891325258754271
same_schedule_index,2019,-0.016917177228991886,0.07674028926429677,0.3071612515446514,-0.08006047713819464
same_schedule_index,2020,-0.12104385469360834,0.3075074965759188,0.40648499388600523,-0.3164584995270724
same_schedule_index,2021,-0.050398304991574605,0.03625581613867568,0.5322596730050776,-0.10052046167188178
same_schedule_index,2022,-0.14531044950283922,-0.24893792084361832,0.4182949361842994,-0.17386512597133785
same_schedule_index,2023,0.07925186169642195,0.18730101949561817,0.46491811168692854,-0.0896207723683522
same_schedule_index,2024,-0.0754640606259892,-0.0963325901599833,0.5689130090168681,-0.11675818724644738
same_schedule_index,2025,0.17939845965433587,0.7562773756089838,0.3829527589172486,-0.07403724656733801
same_schedule_index,2026,-0.015956487638441263,0.6619500399841487,0.12571246087521307,-0.13794518879383155
index_core_v6,1996,-0.2895964906931361,-0.2618980153917646,0.033490824982802994,-0.3542192411877535
index_core_v6,1997,-0.3868868584480458,-0.42214612573323906,0.03143934902076162,-0.5605192451388765
index_core_v6,1998,0.4996664478065793,0.4946719460019666,0.013324863349096917,-0.5091584375130094
index_core_v6,1999,0.625699511647513,0.8278099775984065,0.07215426632948767,-0.2430803979354733
index_core_v6,2000,-0.4948523569986756,-0.5091579367163714,0.034479238582473,-0.5176215284561096
index_core_v6,2001,0.31780682901645996,0.3746977923982404,0.14094380056679148,-0.2798499355722137
index_core_v6,2002,-0.1501858310437274,-0.09535822401614558,0.07592763370099953,-0.419537253404367
index_core_v6,2003,0.31926982281030347,0.2918651900246996,0.18153841270764182,-0.27403358861807403
index_core_v6,2004,0.06192401814348769,0.10510540143824554,0.10579760168042741,-0.24567986617203563
index_core_v6,2005,0.578077938009175,0.5396129118671309,0.2322475596553472,-0.13545854674030156
index_core_v6,2006,0.011217359647784253,0.03993852265889508,0.20931754130094202,-0.17980559964075282
index_core_v6,2007,0.2026800210080486,0.3225394922130975,0.18508524387645517,-0.18813908925281397
index_core_v6,2008,-0.42810889081259884,-0.4072783625792644,0.16764941193103813,-0.5175083582710116
index_core_v6,2009,0.42140061554494457,0.49650057360356414,0.2977412202697721,-0.17467555163254334
index_core_v6,2010,0.1149381252071735,0.2188237251674321,0.3340512775935064,-0.12712915839163208
index_core_v6,2011,-0.1370584967742825,-0.10982935153583617,0.2864880800839585,-0.242731223186763
index_core_v6,2012,-0.01164633571630036,0.09383044683251729,0.22946919859745785,-0.17051067983827095
index_core_v6,2013,-0.03287582979297854,0.007155554442803247,0.3932878867767487,-0.19656044640258608
index_core_v6,2014,-0.14805307502849396,-0.04760507920093071,0.638819326160946,-0.21552119966155547
index_core_v6,2015,0.15132497495488373,0.023867320251202084,0.4595456078217708,-0.22837545065802767
index_core_v6,2016,-0.07537730749771554,0.03321759436295135,0.5024906218822195,-0.14877754856427805
index_core_v6,2017,0.08181433090642387,0.21763567995420585,0.46111997128367577,-0.08413586004484686
index_core_v6,2018,-0.11805235194830499,-0.17282744813555473,0.4208619804204206,-0.2747123554633608
index_core_v6,2019,0.01946422141383697,0.07674028926429677,0.3052104013399476,-0.16832818765663138
index_core_v6,2020,0.11037679244168985,0.3075074965759188,0.4050130737303571,-0.4550470244476482
index_core_v6,2021,-0.03458382970002627,0.03625581613867568,0.5324130948974894,-0.2268325559790827
index_core_v6,2022,-0.23616192363979127,-0.24893792084361832,0.4244521155000397,-0.2925802113926268
index_core_v6,2023,0.06328905589594891,0.18730101949561817,0.4641648415422315,-0.1900199765167001
index_core_v6,2024,0.012690831351761522,-0.0963325901599833,0.5742409759106797,-0.20234222790824397
index_core_v6,2025,0.873956031042687,0.7562773756089838,0.37946843338392044,-0.15542973694436912
index_core_v6,2026,0.7536443599203666,0.6619500399841487,0.12819025067388215,-0.30644782687116523
