variant,period,regime,signals,tickers,mean_net,mean_excess,median_excess,excess_win_rate,win_rate,mean_mae,mean_mfe,mean_gap,top3_removed_excess
rs_only,all,bear,4729,695,-0.018412466367841957,-0.02653884122160901,-0.03656864337165078,0.3842249947134701,0.42144216536265594,-0.13141093599602158,0.13955239016673243,0.003986655444928501,-0.027810275262370655
rs_only,all,bull,8894,746,-0.006307333285329832,-0.017282373707302418,-0.04015366674937687,0.3854283786822577,0.4117382505059591,-0.13048390082176595,0.17307561576337036,0.006638389136626973,-0.018234652594853188
rs_only,all,mixed,7396,745,-0.007492589748689082,-0.012359393879849002,-0.03200877295986565,0.3984586262844781,0.4200919415900487,-0.12463580083369077,0.15243607563995512,0.004662856010723651,-0.013192223278971816
rs_only,pre2025,bear,4542,687,-0.02029731097186433,-0.02658495723104598,-0.03619764581393142,0.3844121532364597,0.4180977542932629,-0.1323658230713248,0.13711842532755997,0.0037103942601141777,-0.027908802929364512
rs_only,pre2025,bull,7821,716,-0.0056644293117009805,-0.009749861424134143,-0.0342704766341313,0.3998209947577036,0.413885692366705,-0.12699264307134803,0.16823605462168506,0.006212126243383918,-0.010565376330246354
rs_only,pre2025,mixed,6907,725,-0.010521189741019805,-0.012359028964581964,-0.03167599320513226,0.39988417547415667,0.41450702186187927,-0.12497720646086453,0.14890447896922365,0.004803394095944397,-0.013233161893873734
rs_setup,all,bear,1134,451,-0.011925797794535608,-0.013763233010474475,-0.0239866804480055,0.400352733686067,0.41975308641975306,-0.10618862659155524,0.102968095959471,0.00034278579400569124,-0.01615810730217053
rs_setup,all,bull,2459,585,-0.0003068949926758409,-0.005505034423950925,-0.02360759636785192,0.40951606344042296,0.41968279788531926,-0.10339566836061821,0.12547665265464367,0.0014557386671193717,-0.00723512841788811
rs_setup,all,mixed,2084,566,-0.0012089721981621783,-0.0016494441082621429,-0.015724477133494008,0.43666026871401153,0.44817658349328215,-0.10411661580839554,0.11763479193955736,0.000821336746270179,-0.0029884715553830364
rs_setup,pre2025,bear,1110,447,-0.013530416418655189,-0.014269914499803676,-0.023932233814105416,0.4018018018018018,0.41711711711711713,-0.10674818731035449,0.10209020305456709,0.00033004066057614926,-0.01671808330592492
rs_setup,pre2025,bull,2249,562,-0.001597865397393778,-0.003301978481424801,-0.022436370585560694,0.41529568697198754,0.4157403290351267,-0.10220175120633089,0.12228069883214818,0.0012857249141823585,-0.005190892854212937
rs_setup,pre2025,mixed,1973,552,-0.0028092057512747134,-0.00134635670135654,-0.015492848615860533,0.4384186517992904,0.4424733907754688,-0.10509344369021371,0.11657196246147124,0.000747180867091578,-0.002760370333456979
rs_trigger,all,bear,3508,663,-0.02075923226245493,-0.02846170515092839,-0.03930518835229896,0.37457240592930446,0.4053591790193843,-0.13083030603370863,0.13883400794367662,0.0059793531558192,-0.0300827257213734
rs_trigger,all,bull,6938,727,-0.008200463345010824,-0.01869507048288328,-0.03974943658350627,0.38411646007494954,0.40746612856731046,-0.13361961385412385,0.17652184689256545,0.008919816728175765,-0.019502331093163038
rs_trigger,all,mixed,5531,719,-0.006398259514205947,-0.012882941611511444,-0.03314549509991793,0.3992044838184777,0.41656120050623757,-0.12532656487820512,0.15818462728884033,0.007244418305673474,-0.01405890011419778
rs_trigger,pre2025,bear,3360,655,-0.02200873089554921,-0.02788815904332173,-0.0381758533533722,0.37589285714285714,0.4038690476190476,-0.1315821919940515,0.13669376498509472,0.005802180131769593,-0.02958013296679118
rs_trigger,pre2025,bull,6058,699,-0.00728104431959445,-0.010879228773763234,-0.03420660100713335,0.39782106305711457,0.410366457576758,-0.12959495033425222,0.17241823211309393,0.00850130789546038,-0.011799939724574588
rs_trigger,pre2025,mixed,5176,699,-0.00930293533854316,-0.0125814091632583,-0.03257217314754579,0.4001159196290572,0.41209428129829984,-0.12541523176830274,0.15432644855450947,0.0075204417361891445,-0.013797545264979068
v6,all,bear,302,212,-0.015121271501448982,-0.009423576572337567,-0.016856403584643683,0.4470198675496689,0.41721854304635764,-0.11353123884295253,0.09905559727205533,0.003027781501265152,-0.014795136648821613
v6,all,bull,415,273,0.0018781359777470346,0.003574962182021456,-0.021389716700642044,0.42409638554216866,0.42168674698795183,-0.10380292802940662,0.12188613576214459,0.002963887916790365,-0.0020864846122781813
v6,all,mixed,478,284,0.0027174988012069897,-0.005017226491105134,-0.015248629534491019,0.4309623430962343,0.5,-0.09615680262759127,0.114304646479098,0.0024889532932403356,-0.008819891952367653
v6,pre2025,bear,292,206,-0.01650195951196164,-0.009077370305893713,-0.01574118700105442,0.4520547945205479,0.410958904109589,-0.1149343669329887,0.0990310709475739,0.0031473534597471244,-0.014631203676376062
v6,pre2025,bull,385,254,-0.0028680683661602155,-0.00042335398075001143,-0.021389716700642044,0.42077922077922075,0.42077922077922075,-0.1014798288185661,0.11545632346458568,0.0031423850424205867,-0.006560817404152536
v6,pre2025,mixed,452,275,0.000543994617314522,-0.0050397869848249855,-0.014453350332831072,0.4336283185840708,0.497787610619469,-0.09711647823367783,0.11256675280349836,0.002652994879205227,-0.009062802075205515
v6_proxy,all,bear,314,217,-0.016785140473570093,-0.009955224098369577,-0.01946473716339508,0.4394904458598726,0.40764331210191085,-0.1150236799267745,0.10038859334512662,0.0034414322321243865,-0.016025964391330923
v6_proxy,all,bull,451,282,-0.0010603903733664515,-0.000393262065534638,-0.025437554401183334,0.41019955654101997,0.41685144124168516,-0.10486472136501122,0.1181955405003972,0.0032761169309231263,-0.005626344101235803
v6_proxy,all,mixed,528,306,0.0008348964426476777,-0.007274558824128111,-0.021426413086713336,0.42045454545454547,0.4772727272727273,-0.101089481038944,0.11567844789034434,0.002381792281102793,-0.011156810172565892
v6_proxy,pre2025,bear,304,211,-0.01816606017354019,-0.009640172274220612,-0.018530902577895688,0.4440789473684211,0.40131578947368424,-0.11642051483838234,0.10040888372006786,0.003569891176812966,-0.015909458239797124
v6_proxy,pre2025,bull,421,264,-0.005610139691508249,-0.004332450783096866,-0.025437554401183334,0.40617577197149646,0.4156769596199525,-0.10281593420086522,0.11205255809561666,0.0034615997427797007,-0.00996938455856769
v6_proxy,pre2025,mixed,502,296,-0.0012196285622167414,-0.007411785883530441,-0.020167066772198816,0.42231075697211157,0.47410358565737054,-0.1022090487932195,0.11418480425552636,0.002523944891741348,-0.011497143877734924
