first_year,last_year,signals,tickers,mean_net,mean_excess,median_excess,excess_win_rate,win_rate,mean_mae,mean_mfe,mean_gap,top3_removed_excess
1996,2000,26,26,-0.006541399348378312,-0.023947474731299677,-0.011622923286316922,0.46153846153846156,0.46153846153846156,-0.15615060435134057,0.1700388055059892,7.174115582839416e-05,-0.05730690566346691
1997,2001,38,35,-0.023064879425814484,-0.028355231416000392,-0.027508982439983842,0.4473684210526316,0.39473684210526316,-0.1545659717940891,0.1526851885173993,0.0013796295614721867,-0.052741224486979786
1998,2002,44,39,-0.048511321433514,-0.044552980798080656,-0.05814920879047847,0.38636363636363635,0.38636363636363635,-0.16563877700196142,0.131020969533224,0.003325253379027789,-0.06582817397347192
1999,2003,66,53,-0.016192569425364445,-0.02363874780740127,-0.04943594663402606,0.42424242424242425,0.42424242424242425,-0.14782799852248824,0.13925287626026317,0.0033936723409586813,-0.04327045669810122
2000,2004,69,51,-0.011579103043327243,-0.010160557413862029,-0.040898032569960385,0.43478260869565216,0.43478260869565216,-0.1321573657546501,0.12141754649056588,0.0025835194131573775,-0.0282872708825511
2001,2005,95,70,0.010547377128903117,-0.0027049904297167518,-0.014310836051732112,0.47368421052631576,0.4842105263157895,-0.11502151127932636,0.13067005439499732,0.0035277317212533002,-0.01622673784266479
2002,2006,103,74,0.019723404228861097,-0.0003067412902973771,-0.010821756872093635,0.4854368932038835,0.5339805825242718,-0.10320099398715585,0.1228695781228714,0.0038296792387674584,-0.012674801436026992
2003,2007,119,78,0.0212921878161319,-0.003149362610675608,-0.014310836051732112,0.4789915966386555,0.5378151260504201,-0.09968981020151448,0.12374052837641784,0.003157730583445244,-0.013884999494590232
2004,2008,117,80,-0.001536168656447906,-0.008128883258720153,-0.016215516910736968,0.46153846153846156,0.47863247863247865,-0.10595389556196953,0.10380408597493615,0.0025523142858923514,-0.015608277866035063
2005,2009,151,106,-0.005782312478497662,-0.010737239848993184,-0.015330016824446565,0.44370860927152317,0.4768211920529801,-0.10729439377067491,0.09777165360900122,0.004259834108335422,-0.016952248352627496
2006,2010,171,116,-0.0081897043635164,-0.01615285226717336,-0.02426137213803403,0.40350877192982454,0.4678362573099415,-0.10446384039348736,0.09020740757271696,0.003963996662834751,-0.021338503855603763
2007,2011,180,120,-0.01075460242367646,-0.01372603870798561,-0.024172448030339855,0.39444444444444443,0.4444444444444444,-0.11000772166415167,0.0921996131316302,0.0030002791879019837,-0.01891848765188604
2008,2012,189,126,-0.013395598143923819,-0.015130936521360472,-0.02221390290164948,0.3915343915343915,0.43915343915343913,-0.10611451678571304,0.08683121928577321,0.003331219278720128,-0.02009479757786854
2009,2013,219,146,-0.008726369911761374,-0.012851965607954744,-0.019783587808195554,0.3835616438356164,0.4429223744292237,-0.09979345953971781,0.08850428689434468,0.0035135830499445193,-0.018003672098469307
2010,2014,257,162,-0.009824480037160799,-0.00759961467248947,-0.017502414710630628,0.4163424124513619,0.4474708171206226,-0.09822258041267092,0.0876757127600178,0.001840211197662775,-0.01250912020959893
2011,2015,270,171,-0.007877088913821792,0.0012099676152340425,-0.011327012346568908,0.44814814814814813,0.45185185185185184,-0.10095435994520327,0.09423490557358018,0.0022319256302044573,-0.00348719455429516
2012,2016,298,197,-0.0057177624891244175,-0.00027479485756055975,-0.011327012346568908,0.436241610738255,0.4463087248322148,-0.09387639733177425,0.09600407431920477,0.0024537035153374353,-0.005214288998375166
2013,2017,335,214,-0.0037213042818636834,-0.002511838529760881,-0.013780139506904262,0.43283582089552236,0.44477611940298506,-0.09106088138943556,0.09444026563858136,0.002465949962213269,-0.00697426673407298
2014,2018,329,217,-0.00048080753882897236,-0.0007186798866000289,-0.016423078182295377,0.4316109422492401,0.44984802431610943,-0.09360640495962318,0.10306801139947566,0.002605580511177796,-0.006102317855208064
2015,2019,283,195,0.00029201100729928537,-0.001111011413333241,-0.020899696929548513,0.4098939929328622,0.4416961130742049,-0.09314037990430088,0.10658032033051432,0.0031953326096779487,-0.008048366363807936
2016,2020,281,189,-0.008917033215246535,-0.00952118657785412,-0.02288675617247504,0.3879003558718861,0.4199288256227758,-0.09885049032858799,0.10394115844468427,0.002595703241856269,-0.017740468882027998
2017,2021,287,203,-0.010581592040016132,-0.007890939612090591,-0.02761266093744874,0.3902439024390244,0.4076655052264808,-0.10355183144521903,0.11386949365655685,0.003341876349177596,-0.01591935418836892
2018,2022,282,211,-0.014249976468099076,-0.001128588840996846,-0.02344099633141672,0.4148936170212766,0.40425531914893614,-0.10690372804839436,0.12116275229223851,0.0028640450791287833,-0.009228168365547983
2019,2023,292,208,-0.013796706103964797,-0.006633204155914381,-0.02343314112551964,0.4246575342465753,0.4246575342465753,-0.10509876509011443,0.11890669016654891,0.0027422899603263633,-0.012982159246952403
2020,2024,327,227,-0.006281571570896859,0.000571289397825806,-0.010079830123155387,0.4648318042813456,0.4525993883792049,-0.10754987380809897,0.12973171746909687,0.0033596356985449464,-0.006655646088606405
