year,eligible_stock_days,eligible_tickers,v6_stock_days,rs_only_stock_days,rs_trigger_stock_days,rs_setup_stock_days
1996,6146,115,12,844,297,91
1997,7538,150,4,849,275,59
1998,8407,138,2,1075,393,56
1999,31969,256,12,3279,1007,129
2000,24264,225,7,2382,578,107
2001,21519,217,24,2404,642,192
2002,28420,258,13,2909,789,142
2003,21958,180,26,2564,779,234
2004,24616,197,21,2650,808,242
2005,35547,280,33,4267,1483,216
2006,33528,250,33,3419,1058,354
2007,41581,293,28,4947,1650,329
2008,37765,254,29,4180,957,361
2009,45304,299,65,4643,1398,448
2010,45129,317,59,4954,1504,510
2011,48821,348,43,5944,1614,625
2012,50389,370,33,5180,1492,513
2013,48316,338,74,5518,1540,910
2014,50726,374,98,6168,1719,927
2015,68050,463,69,7836,2220,683
2016,63664,444,102,6804,1870,924
2017,59395,437,73,6423,1909,842
2018,69057,514,55,7578,1938,741
2019,64156,487,43,6535,1658,782
2020,84977,591,68,8990,2457,546
2021,107718,681,94,10779,2867,951
2022,83370,608,77,9314,2312,963
2023,77372,563,67,8232,2287,838
2024,73860,554,88,8209,2195,963
2025,72631,545,53,7398,2297,553
2026,57283,559,12,5035,1588,180
