ticker,overlap_rows,max_close_relative_difference,median_close_relative_difference
000020,1603,0.0,0.0
000040,1603,0.0,0.0
000050,1603,0.0,0.0
000070,1603,0.0,0.0
000080,1603,0.0,0.0
000100,1603,0.0,0.0
000120,1603,0.0,0.0
000140,1603,0.0,0.0
000150,1603,0.0,0.0
000180,1603,0.0,0.0
000210,1603,0.0,0.0
000220,1603,0.0,0.0
000230,1603,0.0,0.0
000240,1603,0.0,0.0
000270,1603,0.0,0.0
000300,1603,0.0,0.0
000320,1603,0.0,0.0
000370,1603,0.0,0.0
000390,1603,0.0,0.0
000400,1603,0.0,0.0
000430,1603,0.0,0.0
000480,1603,0.0,0.0
000490,1603,0.0,0.0
000500,1603,0.0,0.0
000520,1603,0.0,0.0
000540,1603,0.0,0.0
000590,1603,0.0,0.0
000640,1603,0.0,0.0
000650,1603,0.0,0.0
000660,1603,0.0,0.0
000670,1603,0.0,0.0
000680,1603,0.0,0.0
000700,1603,0.0,0.0
000720,1603,0.0,0.0
000760,1603,0.0,0.0
000810,1603,0.0,0.0
000850,1603,0.0,0.0
000860,1603,0.0,0.0
000880,1603,0.0,0.0
000890,1603,0.0,0.0
000910,1603,0.0,0.0
000950,1603,0.0,0.0
000970,1603,0.0,0.0
000990,1603,0.0,0.0
001020,1603,0.0,0.0
001040,1603,0.0,0.0
001060,1603,0.0,0.0
001070,1603,0.0,0.0
001080,1603,0.0,0.0
001120,1603,0.0,0.0
001130,1603,0.0,0.0
001200,1603,0.0,0.0
001210,1603,0.0,0.0
001230,1603,0.0,0.0
001250,1603,0.0,0.0
001260,1603,0.0,0.0
001270,1603,0.0,0.0
001290,1603,0.0,0.0
001340,1603,0.0,0.0
001360,1603,0.0,0.0
001380,1603,0.0,0.0
001390,1603,0.0,0.0
001420,1603,0.0,0.0
001430,1603,0.0,0.0
001440,1603,0.0,0.0
001450,1603,0.0,0.0
001460,1603,0.0,0.0
001470,1603,0.0,0.0
001500,1603,0.0,0.0
001510,1603,0.0,0.0
001520,1603,0.0,0.0
001530,1603,0.0,0.0
001550,1603,0.0,0.0
001560,1603,0.0,0.0
001570,1603,0.0,0.0
001620,1603,0.0,0.0
001630,1603,0.0,0.0
001680,1603,0.0,0.0
001720,1603,0.0,0.0
001740,1603,0.0,0.0
001750,1603,0.0,0.0
001770,1603,0.0,0.0
001780,1603,0.0,0.0
001790,1603,0.0,0.0
001800,1603,0.0,0.0
001820,1603,0.0,0.0
001940,1603,0.0,0.0
002020,1603,0.0,0.0
002030,1603,0.0,0.0
002070,1603,0.0,0.0
002100,1603,0.0,0.0
002140,1603,0.0,0.0
002150,1603,0.0,0.0
002170,1603,0.0,0.0
002200,1603,0.0,0.0
002210,1603,0.0,0.0
002220,1603,0.0,0.0
002240,1603,0.0,0.0
002310,1603,0.0,0.0
002320,1603,0.0,0.0
002350,1603,0.0,0.0
002360,1603,0.0,0.0
002380,1603,0.0,0.0
002390,1603,0.0,0.0
002410,1603,0.0,0.0
002420,1603,0.0,0.0
002450,1603,0.0,0.0
002460,1603,0.0,0.0
002600,1603,0.0,0.0
002620,1603,0.0,0.0
002630,1603,0.0,0.0
002690,1603,0.0,0.0
002700,1603,0.0,0.0
002710,1603,0.0,0.0
002720,1603,0.0,0.0
002760,1603,0.0,0.0
002780,1603,0.0,0.0
002790,1603,0.0,0.0
002810,1603,0.0,0.0
002820,1603,0.0,0.0
002840,1603,0.0,0.0
002870,1603,0.0,0.0
002880,1603,0.0,0.0
002900,1603,0.0,0.0
002920,1603,0.0,0.0
002960,1603,0.0,0.0
002990,1603,0.0,0.0
003000,1603,0.0,0.0
003010,1603,0.0,0.0
003030,1603,0.0,0.0
003060,1603,0.0,0.0
003070,1603,0.0,0.0
003080,1603,0.0,0.0
003090,1603,0.0,0.0
003120,1603,0.0,0.0
003160,1603,0.0,0.0
003200,1603,0.0,0.0
003220,1603,0.0,0.0
003230,1603,0.0,0.0
003240,1603,0.0,0.0
003280,1603,0.0,0.0
003300,1603,0.0,0.0
003350,1603,0.0,0.0
003460,1603,0.0,0.0
003470,1603,0.0,0.0
003480,1603,0.0,0.0
003490,1603,0.0,0.0
003520,1603,0.0,0.0
003530,1603,0.0,0.0
003540,1603,0.0,0.0
003550,1603,0.0,0.0
003570,1603,0.0,0.0
003580,1603,0.0,0.0
003610,1603,0.0,0.0
003620,1603,0.0,0.0
003650,1603,0.0,0.0
003670,1603,0.0,0.0
003680,1603,0.0,0.0
003690,1603,0.0,0.0
003720,1603,0.0,0.0
003780,1603,0.0,0.0
003830,1603,0.0,0.0
003850,1603,0.0,0.0
003920,1603,0.0,0.0
003960,1603,0.0,0.0
004000,1603,0.0,0.0
004020,1603,0.0,0.0
004060,1603,0.0,0.0
004080,1603,0.0,0.0
004090,1603,0.0,0.0
004100,1603,0.0,0.0
004140,1603,0.0,0.0
004150,1603,0.0,0.0
004170,1603,0.0,0.0
004250,1603,0.0,0.0
004270,1603,0.0,0.0
004310,1603,0.0,0.0
004360,1603,0.0,0.0
004370,1603,0.0,0.0
004380,1603,0.0,0.0
004410,1603,0.0,0.0
004430,1603,0.0,0.0
004440,1603,0.0,0.0
004450,1603,0.0,0.0
004490,1603,0.0,0.0
004540,1603,0.0,0.0
004560,1603,0.0,0.0
004690,1603,0.0,0.0
004700,1603,0.0,0.0
004710,1603,0.0,0.0
004720,1603,0.0,0.0
004770,1603,0.0,0.0
004800,1603,0.0,0.0
004830,1603,0.0,0.0
004840,1603,0.0,0.0
004870,1603,0.0,0.0
004890,1603,0.0,0.0
004910,1603,0.0,0.0
004920,1603,0.0,0.0
004960,1603,0.0,0.0
004970,1603,0.0,0.0
004980,1603,0.0,0.0
004990,1603,0.0,0.0
005010,1603,0.0,0.0
005030,1603,0.0,0.0
005070,1603,0.0,0.0
005090,1603,0.0,0.0
005110,1603,0.0,0.0
005180,1603,0.0,0.0
005250,1603,0.0,0.0
005300,1603,0.0,0.0
005320,1603,0.0,0.0
005360,1603,0.0,0.0
005380,1603,0.0,0.0
005420,1603,0.0,0.0
005430,1603,0.0,0.0
005440,1603,0.0,0.0
005490,1603,0.0,0.0
005500,1603,0.0,0.0
005610,1603,0.0,0.0
005680,1603,0.0,0.0
005690,1603,0.0,0.0
005720,1603,0.0,0.0
005740,1603,0.0,0.0
005750,1603,0.0,0.0
005800,1603,0.0,0.0
005810,1603,0.0,0.0
005820,1603,0.0,0.0
005830,1603,0.0,0.0
005850,1603,0.0,0.0
005870,1603,0.0,0.0
005880,1603,0.0,0.0
005930,1603,0.0,0.0
005940,1603,0.0,0.0
005950,1603,0.0,0.0
005960,1603,0.0,0.0
006040,1603,0.0,0.0
006060,1603,0.0,0.0
006090,1603,0.0,0.0
006110,1603,0.0,0.0
006120,1603,0.0,0.0
006200,1603,0.0,0.0
006220,1603,0.0,0.0
006260,1603,0.0,0.0
006280,1603,0.0,0.0
006340,1603,0.0,0.0
006360,1603,0.0,0.0
006370,1603,0.0,0.0
006400,1603,0.0,0.0
006490,1603,0.0,0.0
006570,1603,0.0,0.0
006650,1603,0.0,0.0
006660,1603,0.0,0.0
006740,1603,0.0,0.0
006800,1603,0.0,0.0
006840,1603,0.0,0.0
006880,1603,0.0,0.0
006890,1603,0.0,0.0
006980,1603,0.0,0.0
007070,1603,0.0,0.0
007110,1603,0.0,0.0
007120,1603,0.0,0.0
007160,1603,0.0,0.0
007210,1603,0.0,0.0
007280,1603,0.0,0.0
007310,1603,0.0,0.0
007340,1603,0.0,0.0
007460,1603,0.0,0.0
007540,1603,0.0,0.0
007570,1603,0.0,0.0
007590,1603,0.0,0.0
007610,1603,0.0,0.0
007660,1603,0.0,0.0
007690,1603,0.0,0.0
007700,1603,0.0,0.0
007810,1603,0.0,0.0
007860,1603,0.0,0.0
007980,1603,0.0,0.0
008040,1603,0.0,0.0
008060,1603,0.0,0.0
008250,1603,0.0,0.0
008260,1603,0.0,0.0
008350,1603,0.0,0.0
008420,1603,0.0,0.0
008490,1603,0.0,0.0
008600,1603,0.0,0.0
008700,1603,0.0,0.0
008730,1603,0.0,0.0
008770,1603,0.0,0.0
008870,1603,0.0,0.0
008930,1603,0.0,0.0
008970,1603,0.0,0.0
009070,1603,0.0,0.0
009140,1603,0.0,0.0
009150,1603,0.0,0.0
009160,1603,0.0,0.0
009180,1603,0.0,0.0
009190,1603,0.0,0.0
009200,1603,0.0,0.0
009240,1603,0.0,0.0
009270,1603,0.0,0.0
009290,1603,0.0,0.0
009310,1603,0.0,0.0
009320,1603,0.0,0.0
009410,1603,0.0,0.0
009420,1603,0.0,0.0
009440,1603,0.0,0.0
009450,1603,0.0,0.0
009460,1603,0.0,0.0
009470,1603,0.0,0.0
009540,1603,0.0,0.0
009580,1603,0.0,0.0
009680,1603,0.0,0.0
009770,1603,0.0,0.0
009810,1603,0.0,0.0
009830,1603,0.0,0.0
009900,1428,0.0,0.0
009970,1603,0.0,0.0
010040,1603,0.0,0.0
010060,1603,0.0,0.0
010100,1603,0.0,0.0
010120,1603,0.0,0.0
010130,1603,0.0,0.0
010140,1603,0.0,0.0
010400,1603,0.0,0.0
010580,1603,0.0,0.0
010640,1603,0.0,0.0
010660,1603,0.0,0.0
010690,1603,0.0,0.0
010770,1603,0.0,0.0
010780,1603,0.0,0.0
010820,1603,0.0,0.0
010950,1603,0.0,0.0
010960,1603,0.0,0.0
011000,1603,0.0,0.0
011070,1603,0.0,0.0
011090,1603,0.0,0.0
011150,1603,0.0,0.0
011170,1603,0.0,0.0
011200,1603,0.0,0.0
011210,1603,0.0,0.0
011230,1603,0.0,0.0
011280,1603,0.0,0.0
011300,1603,0.0,0.0
011330,1603,0.0,0.0
011390,1603,0.0,0.0
011420,1603,0.0,0.0
011500,1603,0.0,0.0
011690,1603,0.0,0.0
011700,1603,0.0,0.0
011760,1603,0.0,0.0
011780,1603,0.0,0.0
011790,1603,0.0,0.0
011810,1603,0.0,0.0
011930,1603,0.0,0.0
012030,1603,0.0,0.0
012160,1603,0.0,0.0
012170,1603,0.0,0.0
012200,1603,0.0,0.0
012280,1603,0.0,0.0
012320,1603,0.0,0.0
012330,1603,0.0,0.0
012450,1603,0.0,0.0
012610,1603,0.0,0.0
012630,1603,0.0,0.0
012690,1603,0.0,0.0
012750,1603,0.0,0.0
012800,1603,0.0,0.0
013000,1603,0.0,0.0
013360,1603,0.0,0.0
013520,1603,0.0,0.0
013570,1603,0.0,0.0
013580,1603,0.0,0.0
013700,1603,0.0,0.0
013870,1603,0.0,0.0
013890,1603,0.0,0.0
014130,1603,0.0,0.0
014160,1603,0.0,0.0
014280,1603,0.0,0.0
014440,1603,0.0,0.0
014530,1603,0.0,0.0
014580,1603,0.0,0.0
014680,1603,0.0,0.0
014710,1603,0.0,0.0
014790,1603,0.0,0.0
014820,1603,0.0,0.0
014830,1603,0.0,0.0
014910,1603,0.0,0.0
014990,1603,0.0,0.0
015020,1603,0.0,0.0
015230,1603,0.0,0.0
015260,1603,0.0,0.0
015360,1603,0.0,0.0
015590,1603,0.0,0.0
015760,1603,0.0,0.0
015860,1603,0.0,0.0
015890,1603,0.0,0.0
016090,1603,0.0,0.0
016360,1603,0.0,0.0
016380,1603,0.0,0.0
016450,1603,0.0,0.0
016580,1603,0.0,0.0
016590,1603,0.0,0.0
016610,1603,0.0,0.0
016710,1603,0.0,0.0
016740,1603,0.0,0.0
016800,1603,0.0,0.0
016880,1603,0.0,0.0
017040,1603,0.0,0.0
017180,1603,0.0,0.0
017370,1603,0.0,0.0
017390,1603,0.0,0.0
017550,1603,0.0,0.0
017670,1603,0.0,0.0
017800,1603,0.0,0.0
017810,1603,0.0,0.0
017860,676,0.0,0.0
017900,1603,0.0,0.0
017940,1603,0.0,0.0
017960,1603,0.0,0.0
018250,1603,0.0,0.0
018260,1603,0.0,0.0
018470,1603,0.0,0.0
018500,1603,0.0,0.0
018670,1603,0.0,0.0
018880,1603,0.0,0.0
019170,1603,0.0,0.0
019180,1603,0.0,0.0
019490,1603,0.0,0.0
019680,1603,0.0,0.0
020000,1603,0.0,0.0
020120,1603,0.0,0.0
020150,1603,0.0,0.0
020560,1603,0.0,0.0
020760,1603,0.0,0.0
021050,1603,0.0,0.0
021240,1603,0.0,0.0
021820,1603,0.0,0.0
022100,1603,0.0,0.0
023000,1603,0.0,0.0
023150,1603,0.0,0.0
023350,1603,0.0,0.0
023450,1603,0.0,0.0
023530,1603,0.0,0.0
023590,1603,0.0,0.0
023800,1603,0.0,0.0
023810,1603,0.0,0.0
023960,1603,0.0,0.0
024070,1603,0.0,0.0
024090,1603,0.0,0.0
024110,1603,0.0,0.0
024720,1603,0.0,0.0
024890,1603,0.0,0.0
024900,1603,0.0,0.0
025000,1603,0.0,0.0
025530,1603,0.0,0.0
025540,1603,0.0,0.0
025560,1603,0.0,0.0
025620,1603,0.0,0.0
025750,1603,0.0,0.0
025820,1603,0.0,0.0
025860,1603,0.0,0.0
025890,1603,0.0,0.0
026890,1603,0.0,0.0
026940,1603,0.0,0.0
026960,1603,0.0,0.0
027410,1603,0.0,0.0
027740,1603,0.0,0.0
027970,1603,0.0,0.0
028050,1603,0.0,0.0
028100,1603,0.0,0.0
028260,1603,0.0,0.0
028670,1603,0.0,0.0
029460,1603,0.0,0.0
029530,1603,0.0,0.0
029780,1603,0.0,0.0
030000,1603,0.0,0.0
030190,1603,0.0,0.0
030200,1603,0.0,0.0
030210,1603,0.0,0.0
030610,1603,0.0,0.0
030720,1603,0.0,0.0
031210,382,0.0,0.0
031430,1603,0.0,0.0
031820,1603,0.0,0.0
032350,1603,0.0,0.0
032560,1603,0.0,0.0
032640,1603,0.0,0.0
032830,1603,0.0,0.0
033240,1603,0.0,0.0
033250,1603,0.0,0.0
033270,1603,0.0,0.0
033530,1603,0.0,0.0
033780,1603,0.0,0.0
033920,1603,0.0,0.0
034020,1603,0.0,0.0
034120,1603,0.0,0.0
034220,1603,0.0,0.0
034230,1603,0.0,0.0
034310,1603,0.0,0.0
034590,1603,0.0,0.0
034730,1603,0.0,0.0
034830,1603,0.0,0.0
035000,1603,0.0,0.0
035150,1603,0.0,0.0
035250,1603,0.0,0.0
035420,1603,0.0,0.0
035510,1603,0.0,0.0
035720,1603,0.0,0.0
036420,1603,0.0,0.0
036460,1603,0.0,0.0
036530,1603,0.0,0.0
036570,1603,0.0,0.0
036580,1603,0.0,0.0
037270,1603,0.0,0.0
037560,1603,0.0,0.0
037710,1603,0.0,0.0
039130,1603,0.0,0.0
039490,1603,0.0,0.0
039570,1603,0.0,0.0
041650,1603,0.0,0.0
042660,1603,0.0,0.0
042700,1603,0.0,0.0
044380,1603,0.0,0.0
044450,1603,0.0,0.0
044820,1603,0.0,0.0
047040,1603,0.0,0.0
047050,1603,0.0,0.0
047400,1603,0.0,0.0
047810,1603,0.0,0.0
049800,1603,0.0,0.0
051600,1603,0.0,0.0
051630,1603,0.0,0.0
051900,1603,0.0,0.0
051910,1603,0.0,0.0
052690,1603,0.0,0.0
053210,1603,0.0,0.0
053690,1603,0.0,0.0
055490,1603,0.0,0.0
055550,1603,0.0,0.0
058430,1603,0.0,0.0
058650,1603,0.0,0.0
058730,1603,0.0,0.0
058850,1603,0.0,0.0
058860,1603,0.0,0.0
060980,1603,0.0,0.0
062040,531,0.0,0.0
063160,1603,0.0,0.0
064350,1603,0.0,0.0
064400,408,0.0,0.0
064960,1603,0.0,0.0
066570,1603,0.0,0.0
066970,1603,0.0,0.0
067830,1603,0.0,0.0
068270,1603,0.0,0.0
068290,1603,0.0,0.0
069260,1603,0.0,0.0
069460,1603,0.0,0.0
069620,1603,0.0,0.0
069640,1603,0.0,0.0
069730,1603,0.0,0.0
069960,1603,0.0,0.0
070960,1603,0.0,0.0
071050,1603,0.0,0.0
071090,1603,0.0,0.0
071320,1603,0.0,0.0
071840,1603,0.0,0.0
071950,1603,0.0,0.0
071970,1603,0.0,0.0
072130,1603,0.0,0.0
072710,1603,0.0,0.0
073240,1603,0.0,0.0
074610,1603,0.0,0.0
075180,1603,0.0,0.0
075580,1603,0.0,0.0
077500,1603,0.0,0.0
077970,1603,0.0,0.0
078000,1603,0.0,0.0
078520,1603,0.0,0.0
078930,1603,0.0,0.0
079160,1603,0.0,0.0
079430,1603,0.0,0.0
079550,1603,0.0,0.0
079900,517,0.0,0.0
079980,1603,0.0,0.0
081000,1603,0.0,0.0
081660,1603,0.0,0.0
082740,1603,0.0,0.0
083420,1603,0.0,0.0
084010,1603,0.0,0.0
084670,1603,0.0,0.0
084680,1603,0.0,0.0
084690,1603,0.0,0.0
084870,1603,0.0,0.0
085310,1603,0.0,0.0
085620,1603,0.0,0.0
086280,1603,0.0,0.0
086790,1603,0.0,0.0
088350,1603,0.0,0.0
088790,1603,0.0,0.0
088980,1603,0.0,0.0
089470,1603,0.0,0.0
089590,1603,0.0,0.0
089860,1254,0.0,0.0
090080,1603,0.0,0.0
090350,1603,0.0,0.0
090370,1603,0.0,0.0
090430,1603,0.0,0.0
090460,1603,0.0,0.0
091810,1603,0.0,0.0
092200,1603,0.0,0.0
092220,1603,0.0,0.0
092230,1603,0.0,0.0
092440,1603,0.0,0.0
092780,1603,0.0,0.0
092790,760,0.0,0.0
093050,1603,0.0,0.0
093240,1603,0.0,0.0
093370,1603,0.0,0.0
094280,1603,0.0,0.0
094800,1603,0.0,0.0
095570,1603,0.0,0.0
095720,1603,0.0,0.0
096760,1603,0.0,0.0
096770,1603,0.0,0.0
097230,1603,0.0,0.0
097520,1603,0.0,0.0
097950,1603,0.0,0.0
100090,1603,0.0,0.0
100220,1603,0.0,0.0
100250,1603,0.0,0.0
100840,1603,0.0,0.0
101140,1603,0.0,0.0
101530,1603,0.0,0.0
102260,1603,0.0,0.0
102460,1603,0.0,0.0
103140,1603,0.0,0.0
103590,1603,0.0,0.0
104700,1603,0.0,0.0
105560,1603,0.0,0.0
105630,1603,0.0,0.0
105840,1603,0.0,0.0
107590,1603,0.0,0.0
108320,1603,0.0,0.0
108670,1603,0.0,0.0
109070,1603,0.0,0.0
111110,1603,0.0,0.0
111380,699,0.0,0.0
111770,1603,0.0,0.0
112610,1603,0.0,0.0
114090,1603,0.0,0.0
117580,1603,0.0,0.0
118000,1603,0.0,0.0
119650,1603,0.0,0.0
120030,1603,0.0,0.0
120110,1603,0.0,0.0
122900,1603,0.0,0.0
123690,1603,0.0,0.0
123700,1603,0.0,0.0
123890,1603,0.0,0.0
126560,1603,0.0,0.0
126720,1021,0.0,0.0
128820,1603,0.0,0.0
128940,1603,0.0,0.0
129260,1603,0.0,0.0
130660,1603,0.0,0.0
133820,1603,0.0,0.0
134380,1603,0.0,0.0
134790,1603,0.0,0.0
136490,1603,0.0,0.0
137310,1277,0.0,0.0
138930,1603,0.0,0.0
139130,1603,0.0,0.0
139480,1603,0.0,0.0
139990,1253,0.0,0.0
143210,1603,0.0,0.0
145210,1603,0.0,0.0
145720,1603,0.0,0.0
145990,1603,0.0,0.0
155660,1603,0.0,0.0
161000,1603,0.0,0.0
161390,1603,0.0,0.0
161890,1603,0.0,0.0
163560,1603,0.0,0.0
170900,1603,0.0,0.0
175330,1603,0.0,0.0
178920,1603,0.0,0.0
180640,1603,0.0,0.0
181710,1603,0.0,0.0
183190,1603,0.0,0.0
185750,1603,0.0,0.0
192080,1603,0.0,0.0
192400,1603,0.0,0.0
192650,1603,0.0,0.0
192820,1603,0.0,0.0
194370,1603,0.0,0.0
195870,1603,0.0,0.0
200880,1603,0.0,0.0
204320,1603,0.0,0.0
207940,1603,0.0,0.0
210540,1603,0.0,0.0
210980,1603,0.0,0.0
213500,1603,0.0,0.0
214320,1603,0.0,0.0
214330,1603,0.0,0.0
214390,1603,0.0,0.0
214420,1603,0.0,0.0
217590,197,0.0,0.0
226320,1603,0.0,0.0
227840,1603,0.0,0.0
229640,1603,0.0,0.0
234080,1603,0.0,0.0
241560,1603,0.0,0.0
241590,1603,0.0,0.0
244920,1439,0.0,0.0
248070,1390,0.0,0.0
248170,1603,0.0,0.0
249420,1603,0.0,0.0
251270,1603,0.0,0.0
259960,1260,0.0,0.0
264900,1603,0.0,0.0
267250,1603,0.0,0.0
267260,1603,0.0,0.0
267270,1603,0.0,0.0
267290,1603,0.0,0.0
267850,1603,0.0,0.0
268280,1603,0.0,0.0
271560,1603,0.0,0.0
271940,1245,0.0,0.0
271980,1603,0.0,0.0
272210,1603,0.0,0.0
272450,1603,0.0,0.0
272550,1603,0.0,0.0
278470,634,0.0,0.0
279570,146,0.0,0.0
280360,1603,0.0,0.0
281820,1603,0.0,0.0
282330,1603,0.0,0.0
284740,1603,0.0,0.0
285130,1603,0.0,0.0
286940,1603,0.0,0.0
293480,1603,0.0,0.0
294870,1603,0.0,0.0
298000,1603,0.0,0.0
298020,1603,0.0,0.0
298040,1603,0.0,0.0
298050,1603,0.0,0.0
298690,1603,0.0,0.0
300720,1603,0.0,0.0
302440,1361,0.0,0.0
306200,1603,0.0,0.0
307950,1603,0.0,0.0
308170,1603,0.0,0.0
316140,1603,0.0,0.0
317400,1603,0.0,0.0
317450,245,0.0,0.0
322000,1603,0.0,0.0
323410,1262,0.0,0.0
326030,1535,0.0,0.0
329180,1233,0.0,0.0
336260,1603,0.0,0.0
336370,1603,0.0,0.0
339770,1445,0.0,0.0
344820,1603,0.0,0.0
352820,1465,0.0,0.0
353200,1565,0.0,0.0
361610,1324,0.0,0.0
363280,1478,0.0,0.0
372910,1256,0.0,0.0
373220,1145,0.0,0.0
375500,1396,0.0,0.0
377300,1205,0.0,0.0
377740,923,0.0,0.0
378850,1364,0.0,0.0
381970,1220,0.0,0.0
383220,1317,0.0,0.0
383800,1313,0.0,0.0
402340,1187,0.0,0.0
403550,1007,0.0,0.0
415640,449,0.0,0.0
439260,287,0.0,0.0
443060,587,0.0,0.0
446070,941,0.0,0.0
450080,701,0.0,0.0
452260,856,0.0,0.0
453340,850,0.0,0.0
454910,731,0.0,0.0
456040,817,0.0,0.0
457190,816,0.0,0.0
460850,805,0.0,0.0
460860,805,0.0,0.0
462520,775,0.0,0.0
462870,543,0.0,0.0
465770,741,0.0,0.0
475150,612,0.0,0.0
475560,466,0.0,0.0
480370,381,0.0,0.0
483650,336,0.0,0.0
484870,438,0.0,0.0
487570,531,0.0,0.0
489790,491,0.0,0.0
499790,433,0.0,0.0
900140,1603,0.0,0.0
950210,1387,0.0,0.0
