variant,period,signals,tickers,mean_net,mean_excess,median_excess,excess_win_rate,win_rate,mean_mae,mean_mfe,mean_gap,top3_removed_excess,cluster_ci_low,cluster_ci_high
rs_only,1996_1999,827,246,-0.0013031664406048594,-0.021565570879098998,-0.050668208229412204,0.38694074969770254,0.44014510278113667,-0.1702926636315856,0.21649928180935388,0.010238891762190597,-0.025850279606725583,-0.03881426122415382,-0.0038636774842245617
rs_only,2000_2007,3335,390,-0.009899281153506327,-0.020707784964370812,-0.03512174713390781,0.40089955022488755,0.4464767616191904,-0.14620195173892048,0.17222108718844303,0.005862004284239368,-0.02235534952471063,-0.028235121901345684,-0.0130900993442308
rs_only,2008_2014,4626,507,-0.014613558058956847,-0.015652721553282515,-0.024687753566377646,0.42217898832684825,0.4280155642023346,-0.12046119106305056,0.12644160588839642,0.004283990391589576,-0.016907376396384448,-0.02078116501211184,-0.010358719381076433
rs_only,2015_2021,7066,693,-0.005340258894627536,-0.011059121952856682,-0.037459735001020456,0.3836682705915652,0.4098499858477215,-0.12095781604372417,0.1594978090115264,0.00540748263798449,-0.011992360177714585,-0.01603691750414465,-0.006089178002724808
rs_only,2022_2024,3198,620,-0.019109322086128075,-0.014155507361872925,-0.03593370565792675,0.3805503439649781,0.37492182614133834,-0.12049089834908276,0.14637031574000287,0.003612799474187807,-0.01588156036323444,-0.021081183508141872,-0.007056012444784914
rs_only,2025_2026_reused,1660,467,0.005741467537774871,-0.05243972743890773,-0.07372289689518224,0.3156626506024096,0.43734939759036146,-0.1420397216251388,0.20770077344514992,0.007791499381678353,-0.056865860990925575,-0.06658186640261428,-0.03749814515841027
rs_only,all_pre2025,19270,759,-0.010854268065503112,-0.014653158017640458,-0.033782487882754064,0.39621172807472754,0.41510119356512715,-0.12753672002470998,0.15397246015954352,0.005117524291625955,-0.015008829569517032,-0.01742621418879761,-0.011645609708455879
rs_setup,1996_1999,141,95,-0.003573357305525647,-0.010807576681163276,-0.02313341563130511,0.425531914893617,0.40425531914893614,-0.13913078660962772,0.15757646846750553,-0.0021737495219849912,-0.019437605860773033,-0.03564597532996729,0.014781242164698597
rs_setup,2000_2007,773,207,0.012130821479063423,0.0014458723522170782,-0.015492848615860533,0.4411384217335058,0.48382923673997413,-0.11481053830055,0.1298667671520051,-0.0017599318333994924,-0.0016845793481618325,-0.00897573080215195,0.011625435659731544
rs_setup,2008_2014,1487,363,-0.005002942385597271,-0.003759714673719384,-0.011608329014814678,0.4445191661062542,0.44115669132481505,-0.09877740332925009,0.09638198137016865,0.0014460988181669158,-0.005124524460419499,-0.010115967095465844,0.0026579897562100632
rs_setup,2015_2021,1976,550,-0.004671819772288026,-0.005129906194468769,-0.027042103634792203,0.4033400809716599,0.41346153846153844,-0.10193387281418101,0.12373058672632649,0.0013481249172766646,-0.007399934234982917,-0.011970635485717291,0.002662456400759057
rs_setup,2022_2024,919,373,-0.017153909139106464,-0.011513450695553743,-0.027338371275334006,0.3982589771490751,0.383025027203482,-0.10349164779722704,0.11282721591133213,0.0017362720702236978,-0.014539954205903165,-0.02048763774411397,-0.0018976004777101858
rs_setup,2025_2026_reused,322,194,0.02039829993686392,-0.020918559220151896,-0.041196627664728924,0.36645962732919257,0.5,-0.10638544827243662,0.1539405266901696,0.0031999317364006692,-0.02727493508233549,-0.04092138780113451,-0.0019042679687618057
rs_setup,all_pre2025,5332,666,-0.004530180879728222,-0.004861612241425904,-0.020681296948135693,0.42104276069017255,0.42591897974493625,-0.10421822782789261,0.115965097336938,0.0008874959332346837,-0.005701912568330637,-0.008695042350675732,-0.0008545167602592873
rs_trigger,1996_1999,616,219,-0.005442976475334581,-0.028643897458512094,-0.06027478036544631,0.37662337662337664,0.4237012987012987,-0.1766399687628171,0.21966654375901018,0.01638059365240889,-0.03420416051297924,-0.04918416789544926,-0.00830686770590967
rs_trigger,2000_2007,2539,367,-0.010235313917120405,-0.021975192984261992,-0.03349121822692602,0.39936983064198506,0.4486018117369043,-0.1445778582867425,0.17507512422055088,0.009048529245159417,-0.02398012446103495,-0.03009757108410379,-0.01362583481031274
rs_trigger,2008_2014,3482,493,-0.015355034203039788,-0.01541058599028379,-0.025173465767370617,0.4172889144170017,0.4167145318782309,-0.11998682735358895,0.1279718685881932,0.0061619523185420105,-0.016748853065487627,-0.021286516999398625,-0.009202370984524904
rs_trigger,2015_2021,5353,671,-0.0042175079254438115,-0.010481040053148665,-0.036406178860295846,0.3844573136558939,0.41023725014010837,-0.12235805816705,0.1650162711896217,0.00791119047121829,-0.011692497795567514,-0.016186020013728826,-0.00477830741259879
rs_trigger,2022_2024,2441,593,-0.021874974960543792,-0.01681937245085053,-0.039210452657823525,0.3768947152806227,0.3617369930356411,-0.1242218366619307,0.1506567244516329,0.004887152557457272,-0.01874961787520036,-0.02510889608828543,-0.008396640930870343
rs_trigger,2025_2026_reused,1322,439,0.00040430333024256204,-0.056907648906290624,-0.07932465111966264,0.321482602118003,0.4205748865355522,-0.1479752874057897,0.20663059303351297,0.009406514314095537,-0.06023713398300018,-0.07361452367917938,-0.04118525370729436
rs_trigger,all_pre2025,14594,746,-0.011388919803306011,-0.015398928061261042,-0.034349879094364044,0.39358640537207074,0.40948334932163905,-0.12857007084128053,0.15777678485741964,0.007532003213646691,-0.015869420268099278,-0.018720924036577078,-0.012249224245878895
v6,1996_1999,21,21,0.011834661373738765,-0.030721852462217786,-0.015167242244535473,0.42857142857142855,0.42857142857142855,-0.14097503404890163,0.18197525865122838,0.0011814309549200814,-0.07447685494180672,-0.10945556106343973,0.0543888228248836
v6,2000_2007,152,94,0.003920729771649231,-0.007215971491107753,-0.01573144699259243,0.46710526315789475,0.5,-0.11488919185017159,0.1201858746488431,0.0035087391774314422,-0.01565579501577481,-0.029678503073306526,0.014749916459287518
v6,2008_2014,332,196,-0.012987051932513176,-0.009059706082085176,-0.018265604591217618,0.40963855421686746,0.43373493975903615,-0.10104130625590453,0.08555554034649754,0.0023569003238958124,-0.012863337330275417,-0.020187064450526728,0.002526470122335536
v6,2015_2021,418,266,-0.006250357537889965,-0.0048698549062271765,-0.02266050616242843,0.4019138755980861,0.42822966507177035,-0.09982463931911303,0.1132521384353407,0.0033647215953834506,-0.010342159690674065,-0.018106077231244178,0.009570566099289338
v6,2022_2024,194,148,0.0033773397059296186,0.008679980035055124,0.007215783499872898,0.5154639175257731,0.4845360824742268,-0.10264072249495595,0.131422549793061,0.003068035623992543,-0.0009574836688446438,-0.012009037149385622,0.029301238285793976
v6,2025_2026_reused,60,52,0.0508923846583698,0.02171545422343431,-0.039455002949844886,0.4,0.5,-0.10589047207215735,0.17257504423051692,0.0012773201255341204,-0.006274595797381509,-0.026004922991340034,0.07676989173908279
v6,all_pre2025,1129,433,-0.005028248832097715,-0.004509802594376097,-0.017362167992567068,0.43401240035429584,0.44906997342781224,-0.10321277006306735,0.11005131046743873,0.00294774059962697,-0.006653520814408998,-0.011990636767376084,0.003595381248495919
v6_proxy,1996_1999,67,52,-0.04513699607510539,-0.04198164228217781,-0.037936235896031345,0.373134328358209,0.29850746268656714,-0.1544263738436353,0.11292642855311177,0.0020250884805363438,-0.05834350608906867,-0.07824935172392591,-0.004318504538854585
v6_proxy,2000_2007,177,104,0.008292204489384591,-0.006546173337715318,-0.027807478672582594,0.4519774011299435,0.4858757062146893,-0.11504612043341055,0.12716017248800784,0.004333788741005537,-0.016910262214136225,-0.029891971279833895,0.01730528235295159
v6_proxy,2008_2014,333,193,-0.01416494364636261,-0.012670119557284676,-0.023163870572556308,0.3963963963963964,0.42342342342342343,-0.10045873740969415,0.08361902389495604,0.0027261885227827807,-0.01649504659086102,-0.024107157454385873,-0.0013716963884647974
v6_proxy,2015_2021,438,266,-0.004724122013873657,-0.003923114689382897,-0.025178272341074226,0.3972602739726027,0.4269406392694064,-0.1008708197122021,0.1147371738921071,0.0032652605246126913,-0.009137290010980419,-0.017025393333699353,0.010636418497376418
v6_proxy,2022_2024,198,151,0.0015793676527682949,0.007451024850402104,0.003883056739177661,0.51010101010101,0.48484848484848486,-0.10305300875418931,0.1308347008594639,0.002975086452725424,-0.0020076542931815604,-0.013050930959968333,0.029488918726251565
v6_proxy,2025_2026_reused,60,52,0.0508923846583698,0.02171545422343431,-0.039455002949844886,0.4,0.5,-0.10589047207215735,0.17257504423051692,0.0012773201255341204,-0.006274595797381509,-0.026004922991340034,0.07676989173908279
v6_proxy,all_pre2025,1227,448,-0.006924698159017109,-0.006907327354995213,-0.02219917869949206,0.4221678891605542,0.4360228198859006,-0.10593829446098506,0.11004009726603868,0.0031048090832237595,-0.008885284291301511,-0.014269821630124477,0.000940996623130251
