variant,year,signals,tickers,mean_net,mean_excess,median_excess,excess_win_rate,win_rate,mean_mae,mean_mfe,mean_gap,top3_removed_excess
rs_only,1996,117,55,-0.0001664520597858911,0.026978118321718012,0.0006410522274458187,0.5128205128205128,0.4700854700854701,-0.12092678506847947,0.15155804203072787,0.006889261480053539,0.01268490242505628
rs_only,1997,131,80,-0.042476124709526,-0.022365404567913187,-0.039759794672655335,0.37404580152671757,0.3435114503816794,-0.15806600435919962,0.1414838894253477,0.006412583562032732,-0.03418875850040081
rs_only,1998,154,88,0.09456483165746232,0.029036407406482903,-0.03003247509897411,0.42857142857142855,0.5454545454545454,-0.1622804354592865,0.3519951077007939,0.012229887081164702,0.0066602878256381655
rs_only,1999,465,178,-0.028830509431844332,-0.05379289627474744,-0.08108592779756152,0.33548387096774196,0.40860215053763443,-0.19480030154663946,0.21488175238523782,0.011613724057525731,-0.05920302846469357
rs_only,2000,340,155,-0.09612612741413813,-0.06757583710680179,-0.07208434577377132,0.34411764705882353,0.29411764705882354,-0.23014098899092175,0.16776794901044642,0.005979988624254009,-0.07540250671089781
rs_only,2001,319,128,-0.0010277642118910384,-0.011592414011970219,-0.03473566224052371,0.4231974921630094,0.46394984326018807,-0.14734176394002169,0.17388185944467982,0.0019412848421003438,-0.022473485751982752
rs_only,2002,413,168,-0.05432481123543114,-0.05132008384901544,-0.05197655425828773,0.34624697336561744,0.36319612590799033,-0.1689823093913211,0.14881058375464593,0.004155836969871468,-0.057123544177549064
rs_only,2003,330,116,0.01636631351784473,-0.01037374436645137,-0.023376106034700195,0.4212121212121212,0.5242424242424243,-0.12073205569293946,0.15306346085936087,0.005737794548145727,-0.018949590517727634
rs_only,2004,359,130,-0.0232567392946463,-0.0295572766939313,-0.02555904824278254,0.4011142061281337,0.4373259052924791,-0.14574493315186682,0.18168923372255283,0.007188968149536452,-0.036411202710546424
rs_only,2005,539,195,0.03382834745159215,0.0012865239811088232,-0.027619609262984565,0.4137291280148423,0.5009276437847866,-0.12136726980244529,0.20785270396417302,0.008093100631865632,-0.008241377882634645
rs_only,2006,470,165,-0.02719934700894348,-0.02484788070716588,-0.03278898793274082,0.39148936170212767,0.4127659574468085,-0.12167003884713067,0.11464042101824269,0.0032525996194912193,-0.03251868431414662
rs_only,2007,603,202,0.026208049016155317,0.004652282580964401,-0.022489895090721634,0.44112769485903813,0.5024875621890548,-0.1403753702436582,0.2016742100570272,0.008440100118824553,-0.0023537278044707104
rs_only,2008,553,179,-0.05284056222592862,-0.02413601108800313,-0.03269987138361763,0.39059674502712477,0.3037974683544304,-0.16385123366360704,0.11172544335001325,0.001835829591280907,-0.03054585090826646
rs_only,2009,643,236,0.004742207576231177,-0.023726052042572516,-0.04071199561833905,0.38724727838258166,0.46500777604976673,-0.1211703180229055,0.14989021286314821,0.005288653005983014,-0.027440073485290022
rs_only,2010,636,230,-0.0003234688034491249,-0.015700972481944922,-0.02213262714296549,0.4276729559748428,0.4937106918238994,-0.11337134004960303,0.13677175917149723,0.0034762413049925964,-0.020009307214455898
rs_only,2011,731,248,-0.017717707320047443,-0.00913925812196849,-0.022889904656628435,0.4377564979480164,0.4117647058823529,-0.1327722702254193,0.135844533577951,0.005761530253256007,-0.014121381333797456
rs_only,2012,677,258,-0.01936686561068785,-0.02121914424761048,-0.0348985828802888,0.3988183161004431,0.40472673559822747,-0.12775799631709764,0.14758853145951994,0.005716997921879663,-0.029393598656238397
rs_only,2013,690,247,-0.015123791527622268,-0.012961266220641535,-0.012202108655202937,0.4463768115942029,0.4449275362318841,-0.09589784710662119,0.09152569268008023,0.003833421524898913,-0.015790351647541504
rs_only,2014,751,266,-0.0021724192046803158,-0.00013156632880014478,-0.010823735670028697,0.46604527296937415,0.4607190412782956,-0.09571691326948133,0.11487217490469012,0.0034108185833177165,-0.0047126398845083175
rs_only,2015,950,333,0.009993321683157108,0.013356478090380255,-0.019299333916774904,0.44526315789473686,0.44105263157894736,-0.12527141267658554,0.17527468305368243,0.007044711935340924,0.008671621613349103
rs_only,2016,869,319,-0.014758061027040041,-0.02169838381725551,-0.037094745838484044,0.383199079401611,0.4062140391254315,-0.10730725056382527,0.1276395856278317,0.005142095677943568,-0.025932885586356324
rs_only,2017,829,299,-0.0029432298506728077,-0.0174454775503611,-0.01984097904636317,0.4101326899879373,0.46562123039806996,-0.09098726007513548,0.12051354552235176,0.0030303071108931097,-0.02053977314126615
rs_only,2018,964,361,-0.016388946176109063,7.179320796350329e-05,-0.031691259289058304,0.39730290456431533,0.36721991701244816,-0.1405308785955326,0.16139910707301536,0.005077100479381234,-0.005709076210238779
rs_only,2019,889,347,-0.03317611531733967,-0.036462762827351045,-0.04481535156230754,0.33070866141732286,0.35545556805399325,-0.11410253053454383,0.12049662207865405,0.003816275394741052,-0.03883246297054914
rs_only,2020,1231,422,0.015246881506539087,-0.018617932440550267,-0.061740065433993574,0.34443541835905767,0.44841592201462227,-0.14112409583663235,0.21022727187900095,0.008191048871919947,-0.023013711648402907
rs_only,2021,1419,487,-0.006821198787955611,-0.0014988716400529882,-0.03812764077754072,0.390415785764623,0.38195912614517263,-0.11760071800054073,0.1682219554418103,0.004474296207492132,-0.0040787717179552214
rs_only,2022,1192,428,-0.028993572918017227,-0.011760275368548484,-0.026932003537479987,0.3934563758389262,0.3598993288590604,-0.12236828196282146,0.12766141900918898,0.003076481476447095,-0.01522319275246133
rs_only,2023,1047,396,-0.007342014005612974,-0.01199009371286329,-0.04020700431011437,0.3658070678127985,0.39923591212989495,-0.11543908678409143,0.16474015916283546,0.0043268427696217466,-0.015608894695606057
rs_only,2024,1048,379,-0.017002332456391416,-0.018991242999211327,-0.041252813339981154,0.3797709923664122,0.3711832061068702,-0.12304976849598992,0.15104896524020633,0.0039971278445179,-0.022795208693972748
rs_only,2025,974,362,0.012487691029891425,-0.04297062849988606,-0.06336715240201085,0.30903490759753593,0.45790554414784396,-0.1195250591025233,0.18081464509031187,0.005417435574079313,-0.049408437117063844
rs_only,2026,686,303,-0.003836989723626768,-0.0658841915301717,-0.09336547557164665,0.3250728862973761,0.40816326530612246,-0.17400660398232182,0.2458743725961882,0.011162254700339382,-0.0725942206456606
rs_setup,1996,37,27,-0.03279237731035579,-0.010432529780191881,0.003158303724872691,0.5135135135135135,0.40540540540540543,-0.1254474584513825,0.09257791436525972,-0.0007409440284016145,-0.0337834481893651
rs_setup,1997,30,26,-0.0027507723513636247,-0.0016619410919691954,-0.04022860922458793,0.3333333333333333,0.36666666666666664,-0.1350966982919165,0.14120478260006866,-0.004793844880341151,-0.04385577437352847
rs_setup,1998,18,16,0.06967874339666402,0.05590195787761108,0.029399190076804915,0.5,0.5,-0.10661729015397065,0.1770725425426886,-0.00011072345927113123,0.020057526760813606
rs_setup,1999,61,45,-0.015501612106128495,-0.039618148621240634,-0.04419795059091791,0.39344262295081966,0.39344262295081966,-0.16245580974593088,0.2010576692472245,-0.0028569790044162733,-0.05316851503161475
rs_setup,2000,37,27,-0.03374121094322728,0.007921005059120962,0.008080876554979022,0.5135135135135135,0.40540540540540543,-0.1638995497894359,0.1126844309745659,-0.00859779806715689,-0.01280616692448205
rs_setup,2001,80,49,-0.02564534881339418,-0.009903095955205865,-0.02307825881931469,0.4375,0.45,-0.13898305303161762,0.136597954739294,-0.009130348641859165,-0.020504522154395802
rs_setup,2002,65,48,-0.0365842329960656,-0.021738472985698445,-0.053115718001523926,0.3230769230769231,0.35384615384615387,-0.15759031054109293,0.11555700771381838,-0.0014172562710424877,-0.039816151498893115
rs_setup,2003,98,55,0.05675991088247817,0.0217649619627957,-0.0017317315797049648,0.4897959183673469,0.5408163265306123,-0.08449857179790213,0.16557749416939438,0.00040517827704886043,0.007952132624885321
rs_setup,2004,101,62,0.019321595060092542,0.001604845214531557,-0.014045608408264076,0.4752475247524752,0.5346534653465347,-0.10348979814825757,0.11800326524088382,-0.002905869035368522,-0.008291473764173201
rs_setup,2005,106,70,0.06179221035560864,0.021806078771918543,-0.008852752598202947,0.4716981132075472,0.6037735849056604,-0.08464297054601817,0.1532813567267286,-0.0025677862310792728,0.007707402759463613
rs_setup,2006,145,85,-0.014509624481839073,-0.005544002867622777,-0.011646093712116553,0.42758620689655175,0.38620689655172413,-0.10014266511682073,0.08810489066415199,0.0003190364915357651,-0.011089675757524283
rs_setup,2007,146,96,0.0177336381653029,-0.0061464843212573365,-0.026074725732452397,0.410958904109589,0.5068493150684932,-0.13528072139791197,0.14506690168993433,0.0016367137549574144,-0.019235226740368195
rs_setup,2008,99,67,-0.07946748785052361,-0.017619612396373507,-0.007710044126407634,0.48484848484848486,0.2222222222222222,-0.15172264521465456,0.06160906818534694,-0.0012333483935224267,-0.023036759530930342
rs_setup,2009,173,106,0.004753874252352226,-0.016690933884713457,-0.025184428093802058,0.3930635838150289,0.4277456647398844,-0.09950020353749547,0.10839138736441156,0.006085040140897676,-0.024119496073953188
rs_setup,2010,205,120,0.022147514326581384,0.00047265859910441683,-0.013549860040852346,0.4585365853658537,0.5170731707317073,-0.08994150922466224,0.12174537306807774,0.0018269955294983777,-0.007652815499585364
rs_setup,2011,229,141,-0.015180374264352505,0.0013628161354576917,-0.010726988472669174,0.462882096069869,0.43231441048034935,-0.12585420756204252,0.10106685862055316,0.0004327700262522108,-0.0037899843065704545
rs_setup,2012,200,126,-0.005415272567058233,-0.012580475899696335,-0.025398247719307595,0.39,0.42,-0.0927046860924126,0.0913408771372051,0.00027455149414774507,-0.018631791181593884
rs_setup,2013,291,166,-0.010207549346228952,-0.00628750570478889,-0.00805612580932102,0.4261168384879725,0.42955326460481097,-0.08773572212104135,0.0782687940526152,0.0016479904911961601,-0.009580103093867068
rs_setup,2014,305,158,0.00906727852868192,0.010752639728886243,-0.0005525299493146472,0.49508196721311476,0.49836065573770494,-0.08088344941629516,0.10017956111908316,0.0006892257576086762,0.00459931851292953
rs_setup,2015,276,174,0.016709934334110485,0.02169746203201796,-0.005663277224737693,0.48188405797101447,0.4855072463768116,-0.1151783712438356,0.15607681331452405,0.0017026654141897104,0.013243878428515264
rs_setup,2016,312,191,-0.012546527755144666,-0.019161901244515757,-0.030029229332274254,0.3685897435897436,0.38782051282051283,-0.08983601019668394,0.10142084844580065,0.0008713881301705826,-0.024877350146455614
rs_setup,2017,305,170,0.005706387730534513,-0.010372751790467663,-0.01828921639787684,0.4262295081967213,0.4786885245901639,-0.07729353132463493,0.09536979710480786,0.0005838231120006946,-0.014719121229452372
rs_setup,2018,241,164,0.006936764263884904,0.02198797403715704,-0.012782803516727666,0.4730290456431535,0.43983402489626555,-0.10526273338211159,0.14101544561442508,-0.00012932788666728174,0.013247124796611711
rs_setup,2019,252,171,-0.03693449747273777,-0.03429797719900373,-0.03424896893221224,0.3412698412698413,0.3373015873015873,-0.099714065546144,0.08022778819948057,0.00018917631472311385,-0.03912379997759478
rs_setup,2020,218,149,-0.012183981517205157,-0.013860728439339887,-0.05091167794128626,0.3623853211009174,0.40825688073394495,-0.1336720954008485,0.15700874453433647,0.0024852841166107505,-0.027705868849199608
rs_setup,2021,383,258,-0.0030066550428261727,0.0008366697820275815,-0.0404805462897454,0.38642297650130547,0.370757180156658,-0.10285217405611834,0.1404115976184174,0.0032331647817014694,-0.009662846735081207
rs_setup,2022,314,192,-0.0307462424339318,-0.005191736355713717,-0.017504158468876152,0.44904458598726116,0.35987261146496813,-0.10901353289178856,0.09958764715276229,0.0008477466579143054,-0.010501531758312333
rs_setup,2023,305,195,-0.008431659152130679,-0.013668273872290219,-0.03524916865745498,0.3639344262295082,0.3901639344262295,-0.09485995468480116,0.11956027924642053,0.002066305558873571,-0.020593439602382548
rs_setup,2024,323,187,-0.008513318913643838,-0.014568939028765084,-0.033108363168059984,0.37770897832817335,0.4024767801857585,-0.1041655173219749,0.11925966733574933,0.001909468431708175,-0.02273687760134454
rs_setup,2025,248,164,0.025280743386191212,-0.02379567653631216,-0.041196627664728924,0.3588709677419355,0.5161290322580645,-0.09801952202731194,0.14809761499635019,0.003417790895521734,-0.03210683372007651
rs_setup,2026,74,65,0.00403551648506437,-0.011276328214641838,-0.04055671002666483,0.3918918918918919,0.44594594594594594,-0.13442260649934085,0.17352217669107795,0.002469809149076019,-0.03099451829741312
rs_trigger,1996,87,51,-0.02335578188905718,0.011356746998300787,-0.006884763616983976,0.4827586206896552,0.41379310344827586,-0.13178618258404004,0.1447237292709809,0.014325257821671917,-0.005068013610027809
rs_trigger,1997,96,65,-0.06335363158205297,-0.03879203407738396,-0.059048300290118094,0.3854166666666667,0.3333333333333333,-0.18535016937831786,0.13326562805290756,0.013796925503804132,-0.0549484080969655
rs_trigger,1998,113,71,0.1023776166117396,0.019721075739302887,-0.04028597396204159,0.3893805309734513,0.5575221238938053,-0.16983860580228527,0.3664051714593471,0.02010501757583894,-0.0070320150298462305
rs_trigger,1999,348,157,-0.025163435760355086,-0.053098727012757994,-0.0978156304701358,0.3333333333333333,0.3936781609195402,-0.19365464001856672,0.22387217076355573,0.017151595035391588,-0.062249745717396776
rs_trigger,2000,229,125,-0.11832859053525305,-0.08458428473084635,-0.08980912729627644,0.31004366812227074,0.2663755458515284,-0.24096438078627933,0.15799432463871507,0.010766980604754001,-0.0956333124104937
rs_trigger,2001,240,115,-0.004750119393727396,-0.016694056527485145,-0.035361487210322506,0.4166666666666667,0.44166666666666665,-0.14388983432125108,0.17508832712860017,0.005017625284106764,-0.02916574020304527
rs_trigger,2002,290,143,-0.04745467935062309,-0.0453377914604727,-0.054255869144584246,0.3448275862068966,0.36551724137931035,-0.16551975707836583,0.1525029620947181,0.007266638756345917,-0.052825673439035964
rs_trigger,2003,260,101,0.014709950878548662,-0.013428530070369921,-0.020185078586448524,0.4153846153846154,0.5192307692307693,-0.12234069875811655,0.1515370936745216,0.009293548464706687,-0.024375868780794376
rs_trigger,2004,277,118,-0.03250031149669578,-0.038600767014266464,-0.0400681531690803,0.37184115523465705,0.41155234657039713,-0.14969062005851735,0.18972931523519496,0.010123956725723597,-0.04665238197923547
rs_trigger,2005,430,180,0.029657090856769097,-0.0025249184747717967,-0.02250418497204243,0.42790697674418604,0.5116279069767442,-0.12425816174057792,0.2089137128497524,0.013179933759596602,-0.010597211893629417
rs_trigger,2006,356,148,-0.027005678286185525,-0.026785781566517532,-0.02864721343916082,0.40168539325842695,0.43258426966292135,-0.12137910948251628,0.11147145814327472,0.004705346805022092,-0.0353260489030428
rs_trigger,2007,488,182,0.027339728649591777,0.007790409396805085,-0.023740032421872167,0.4385245901639344,0.5,-0.1350283982735368,0.20976967188732926,0.009946554929807921,0.0012614049169175643
rs_trigger,2008,360,153,-0.06092327903982113,-0.027221688138950997,-0.045756049747464334,0.38055555555555554,0.2777777777777778,-0.16375113059188362,0.11601932994647396,0.005185683127160634,-0.035772148084824755
rs_trigger,2009,502,212,0.0017926280219061098,-0.02587699569228909,-0.04269367866305884,0.3705179282868526,0.4442231075697211,-0.12176417633350987,0.14739330386923638,0.008309785266924904,-0.031559884639166196
rs_trigger,2010,483,202,-0.0009399433508456412,-0.013535546260924802,-0.019445867800843782,0.4244306418219462,0.4886128364389234,-0.11466574063524874,0.139154390168472,0.005736030150875229,-0.019203628775542263
rs_trigger,2011,547,226,-0.01879735169712946,-0.008930431617831535,-0.01909155847545363,0.4460694698354662,0.4040219378427788,-0.13172981301240197,0.1363896482008076,0.0068733870512533565,-0.014204386486041458
rs_trigger,2012,518,227,-0.017359646388135228,-0.01885769565147972,-0.033393079453615304,0.38996138996138996,0.38996138996138996,-0.12480044313857547,0.15133391932379076,0.00890631033569668,-0.02757538615986043
rs_trigger,2013,531,230,-0.018660927504676333,-0.013868389603279858,-0.02177429046056112,0.423728813559322,0.4011299435028249,-0.09818125151880522,0.09013562193777884,0.0039906252830287925,-0.01707091167093134
rs_trigger,2014,580,239,0.0006460835345811526,0.0021169979973278998,-0.007495266402620878,0.47586206896551725,0.47586206896551725,-0.09769538101908583,0.11973475779843258,0.0037684701495981614,-0.0038536422217355574
rs_trigger,2015,728,305,0.012126051218606118,0.015498222087129792,-0.014934316852265315,0.4574175824175824,0.4574175824175824,-0.12662902285832298,0.18151557278238273,0.009270081287214207,0.0098002561264906
rs_trigger,2016,658,287,-0.01273400546938905,-0.01913701813334406,-0.034180129509681245,0.3768996960486322,0.41033434650455924,-0.11003549259333074,0.1311440349998588,0.005982046969444776,-0.024989945665820752
rs_trigger,2017,645,261,-0.0036666009008933555,-0.018133774565897223,-0.022492353491496586,0.3953488372093023,0.4496124031007752,-0.09275241967208678,0.12051271746869115,0.004982966567857468,-0.022243924984921136
rs_trigger,2018,706,325,-0.012921419253065827,0.0034904144569729,-0.027760847188755985,0.4178470254957507,0.37393767705382436,-0.14290943954133942,0.16523534828233588,0.008525867683978415,-0.004880319751208769
rs_trigger,2019,668,309,-0.03147870293934795,-0.037349773612248414,-0.048750308250635754,0.3158682634730539,0.36077844311377244,-0.11411384290555332,0.12647941970312934,0.0056544433743137565,-0.040565957367055275
rs_trigger,2020,944,383,0.01515508930007268,-0.021148266222693758,-0.06273371078425294,0.3411016949152542,0.4406779661016949,-0.1391359064377144,0.21650150339653693,0.01191458362390406,-0.02546386318460044
rs_trigger,2021,1069,443,-0.008193595036390333,-0.001487149724340669,-0.0365930764385467,0.39569691300280635,0.37418147801683815,-0.1215329208168388,0.17672209418214743,0.007069617222045317,-0.004563934110368146
rs_trigger,2022,890,390,-0.02906072877704357,-0.012193721566396629,-0.032191391734218866,0.38202247191011235,0.34606741573033706,-0.12285859440861233,0.13197508069891564,0.004559981168220376,-0.01659995831820368
rs_trigger,2023,816,367,-0.010074305013808548,-0.01483830670474222,-0.045214811810084576,0.3713235294117647,0.3786764705882353,-0.12134283329518873,0.1706941930927248,0.005187867861910496,-0.019291428788749464
rs_trigger,2024,796,346,-0.023547362570896572,-0.023790653819314625,-0.04432281491121437,0.3706030150753769,0.36055276381909546,-0.12823804437015782,0.15314847480259275,0.005289605695855749,-0.027925802732050625
rs_trigger,2025,769,329,0.0069647783266715965,-0.04646297679224564,-0.06742466895005705,0.31859557867360205,0.435630689206762,-0.12298736860422665,0.17214597458812542,0.005969687155271951,-0.05051092559811432
rs_trigger,2026,553,284,-0.00871867184562349,-0.07143197595095716,-0.10653934699645928,0.325497287522604,0.3996383363471971,-0.18272340595624537,0.25458479119717126,0.014185754974376436,-0.07949591012789153
v6,1996,6,6,-0.0455983950202847,-0.016290389779809178,-0.0008617280205389082,0.5,0.3333333333333333,-0.15244243035899332,0.11368798653935623,-0.0015423454475219829,-0.10781002326236884
v6,1997,4,4,0.1258918219592566,0.10483014341042066,0.10247855860937771,0.5,0.5,-0.13566307320354484,0.23829836383621134,0.002087659367448813,-0.06744403624792661
v6,1998,2,2,-0.03155711375953979,0.01373922501478092,0.01373922501478092,0.5,0.5,-0.14730085194673326,0.11911010981970716,0.0,
v6,1999,10,10,-0.022231025343838817,-0.1262876837349179,-0.19431750594392005,0.3,0.4,-0.15163160928791822,0.19863972287490744,-0.00041348913289442903,-0.25224344055862763
v6,2000,4,4,-0.028657204953921656,0.07279645233574944,0.0940575788952262,0.75,0.75,-0.19792276034851677,0.140267530046562,0.001725899148954796,-0.0636048724016085
v6,2001,19,17,-0.045991409184209096,-0.03123709589700205,-0.040898032569960385,0.42105263157894735,0.3157894736842105,-0.14839142252868384,0.11752591465873811,0.003183519756322046,-0.07874224081144862
v6,2002,10,10,-0.09493538305133527,-0.041973450327794,-0.09301407123146255,0.3,0.3,-0.19889416778067984,0.07490675711281573,0.00901679435736571,-0.11840129150432564
v6,2003,24,21,0.04203696230311802,0.01153985450098285,-0.010722330645925314,0.4583333333333333,0.5,-0.11343894708283757,0.15537505837034918,0.003541726915270794,-0.04191526643527815
v6,2004,17,16,0.041600562766077986,0.007260725481437766,-0.027807478672582594,0.47058823529411764,0.5294117647058824,-0.06492596001569127,0.11789616018134212,-0.0029446068723715966,-0.0336556829159967
v6,2005,29,26,0.02724217604807615,-0.00018121280075818154,0.008112336189413538,0.5172413793103449,0.5862068965517241,-0.09909385964378833,0.14112157038486306,0.004496414010128691,-0.031491710506472384
v6,2006,27,24,-0.0005198130586119493,-0.014064164995579477,0.0036619932673089828,0.5185185185185185,0.5555555555555556,-0.09415459737257006,0.08207184400079202,0.006145130097871979,-0.034738120173826895
v6,2007,22,20,0.001894797045902321,-0.017735243898899758,-0.042477022980688284,0.4090909090909091,0.5,-0.11913251386345985,0.1219737010745506,0.0020232859707966662,-0.047375089791612
v6,2008,22,20,-0.07748249943860307,-0.013606758298921455,-0.03280394476721454,0.36363636363636365,0.18181818181818182,-0.1480024134890142,0.052225299234644765,0.0003569217266327337,-0.03978781267942069
v6,2009,53,44,-0.001550846875373238,-0.014252316336720992,-0.02221390290164948,0.39622641509433965,0.4716981132075472,-0.09521617762538803,0.08910989872736645,0.005692534938644462,-0.027692131759226957
v6,2010,49,44,0.009625431667216173,-0.017851273845925653,-0.023163870572556308,0.3673469387755102,0.5306122448979592,-0.09203180645519589,0.10472093947958729,0.003502199296763977,-0.03385496427472127
v6,2011,39,34,-0.015266500098162855,-0.005885236046940703,-0.019783587808195554,0.4358974358974359,0.46153846153846156,-0.12070583384907987,0.08660463045383643,-9.238553291660938e-05,-0.023421349847828486
v6,2012,28,25,-0.022493399155441646,-0.026703643650204147,-0.015755034607673135,0.35714285714285715,0.39285714285714285,-0.09527556856138035,0.07651085496336955,0.005920663888431714,-0.04654493652153479
v6,2013,60,49,-0.020224834771215623,-0.00165437757090753,-0.01461500568566376,0.38333333333333336,0.36666666666666664,-0.09594683644324305,0.07606445938981168,0.0030038844752593016,-0.017517638803403877
v6,2014,89,70,-0.005723105917025254,0.0011050197364795994,-0.0018462087338662024,0.48314606741573035,0.4606741573033708,-0.09129350804207453,0.08796794777014869,-0.00017418550291002535,-0.010094888446651146
v6,2015,58,51,0.010323306273409822,0.021789105589987968,0.002603089533764539,0.5,0.5344827586206896,-0.11172037787824675,0.13616372600526158,0.004922684570300985,0.005669852674677973
v6,2016,73,64,-0.0023901958796047266,-0.014173531593866614,-0.022262721077703548,0.3698630136986301,0.4246575342465753,-0.07571974922839837,0.09262127504432077,0.0022167042408062342,-0.02968575089668147
v6,2017,66,58,0.003857160183080284,-0.016505914423175623,-0.02005073624363557,0.4090909090909091,0.42424242424242425,-0.08473603053182113,0.09039907544292845,0.003149768437322181,-0.033397221373581275
v6,2018,50,47,0.00486568245496414,0.025702536591371613,-0.02340818112765891,0.4,0.42,-0.11578393896666249,0.13678882966120276,0.00389373576489773,-0.013516705622356453
v6,2019,41,38,-0.020054332582008574,-0.019146140146914622,-0.02338954127570836,0.36585365853658536,0.3902439024390244,-0.07728496072103971,0.08089828768531067,0.0010519782497676274,-0.030974935654536923
v6,2020,53,46,-0.038680213342472146,-0.025096014747250817,-0.05326580155589078,0.37735849056603776,0.4339622641509434,-0.1472265855307192,0.12576942493227025,0.00251190081048543,-0.05146370606463692
v6,2021,80,73,-0.008240331243532434,-0.0020876964013420234,-0.026999521374235946,0.4,0.3875,-0.09316874422623492,0.12825646788913142,0.0046283902426739534,-0.018899057988500452
v6,2022,63,56,-0.012051205299382356,0.008063956680733411,-0.007340370450121592,0.49206349206349204,0.4126984126984127,-0.10301697644858382,0.11878341472614613,0.0008991363817718008,-0.003643034831279503
v6,2023,62,56,0.001032094552502117,-0.0032567796978860107,-0.014604465278787893,0.46774193548387094,0.4838709677419355,-0.10652848954977052,0.12666031412972162,0.002666400531130701,-0.02009256427807723
v6,2024,75,58,0.019807422543957377,0.018745359876969073,0.0178541911898229,0.5733333333333334,0.5466666666666666,-0.09685892651875287,0.14256540825272127,0.004036284194411846,-0.006401298844129716
v6,2025,49,43,0.07277308262076551,0.026716144174863038,-0.03883485451950919,0.40816326530612246,0.5306122448979592,-0.09725686307824465,0.18847741523929265,0.00031892396747596483,-0.007641046723663382
v6,2026,11,11,-0.04657617899230194,-0.0005603464692936842,-0.07437177391925176,0.36363636363636365,0.36363636363636365,-0.14434927577231377,0.10173720973687957,0.005546539375065904,-0.08178943511012235
v6_proxy,1996,27,23,-0.04777527178506738,-0.008843971215388022,-0.0313335064279624,0.37037037037037035,0.2222222222222222,-0.14096449921558504,0.08474207561228411,0.0023959732860986075,-0.03931673624757854
v6_proxy,1997,24,21,-0.043754484017353844,-0.04332446159664612,-0.03264510393436987,0.4166666666666667,0.3333333333333333,-0.1523865868270755,0.10270253887264634,0.0023164627265672283,-0.07653828045560791
v6_proxy,1998,7,6,-0.11284998638414367,-0.11139216373770411,-0.03285206956161213,0.2857142857142857,0.2857142857142857,-0.22043816392119528,0.12144052483561617,-0.0031699978940068325,-0.20845670000771757
v6_proxy,1999,10,9,-0.019816432982040767,-0.1023111836257217,-0.15947414273760074,0.3,0.4,-0.1647929294118443,0.2001548456027667,0.0007736152694104326,-0.2179912975454902
v6_proxy,2000,5,4,-0.06212548821541355,-0.019710924052392453,0.0849724137530048,0.8,0.8,-0.22865916595037133,0.13508338197415068,0.009691900040543034,-0.22667265100328426
v6_proxy,2001,19,18,-0.04298974850789049,-0.050992363767942826,-0.056776580948529,0.3684210526315789,0.3157894736842105,-0.14211927756136744,0.116686203471331,0.005523560014088672,-0.09927544320973013
v6_proxy,2002,13,13,-0.13169777690449563,-0.07018159931520351,-0.10336493694056303,0.15384615384615385,0.15384615384615385,-0.20584640484247346,0.04805009570225497,0.01231238468547935,-0.11579013887427561
v6_proxy,2003,31,26,0.02399290297715916,-0.007760225278780157,-0.04169008070604541,0.45161290322580644,0.4838709677419355,-0.11198850123152944,0.13623000130455729,0.00406820240756781,-0.04991943167166479
v6_proxy,2004,23,20,0.04732792655337623,0.018922775711978004,-0.027807478672582594,0.4782608695652174,0.5217391304347826,-0.07360511625350012,0.13975224730744318,-0.0023817390051347103,-0.02667197646033498
v6_proxy,2005,31,26,0.07601190094482399,0.04399832217832894,0.008237088057101438,0.5483870967741935,0.6129032258064516,-0.09203587762817872,0.1878844430704626,0.0037978831916545275,-0.0039621704465257
v6_proxy,2006,31,28,-0.009817214981205186,-0.01995764693004815,-0.016215516910736968,0.45161290322580644,0.4838709677419355,-0.10252797881764175,0.08121307150696415,0.008330602822743671,-0.03830962443295329
v6_proxy,2007,25,23,0.011686162417904385,-0.005574827759652221,-0.020550545736202075,0.44,0.52,-0.11521735603376364,0.12897953840585288,-0.00015497478847692036,-0.03045155713434937
v6_proxy,2008,18,16,-0.07531924182659223,-0.01400229734904889,-0.03280394476721454,0.2777777777777778,0.16666666666666666,-0.1406478061242227,0.05435282960892884,-0.0006799483867580003,-0.04724407404104008
v6_proxy,2009,51,41,-0.005344662248358023,-0.021873635223761897,-0.029747292075453343,0.39215686274509803,0.49019607843137253,-0.09610212885343103,0.08245915267682634,0.005736249510858602,-0.03265075443558628
v6_proxy,2010,50,45,0.01011910145874412,-0.01703926872961457,-0.021372003420487392,0.36,0.54,-0.09319028354691085,0.10107343425143936,0.003943975458468525,-0.0326506249929266
v6_proxy,2011,47,37,-0.013689819050245139,-0.008741822854012,-0.024083523922645678,0.44680851063829785,0.44680851063829785,-0.11082978391468802,0.09422905831765521,0.0015845654908801592,-0.023284319609765958
v6_proxy,2012,28,26,-0.026534307215960833,-0.03596311158762696,-0.030065856233306876,0.2857142857142857,0.35714285714285715,-0.10160179292802494,0.07090322923910679,0.006749135705162557,-0.056915540611448344
v6_proxy,2013,63,49,-0.01964767372781225,-0.0021203228114723134,-0.012987119967368788,0.3968253968253968,0.3492063492063492,-0.09562799950029985,0.07382456465155139,0.0029179090982140205,-0.017213718244372078
v6_proxy,2014,85,68,-0.011832014611394511,-0.004458605019112795,-0.012229705276442068,0.4588235294117647,0.4235294117647059,-0.0928426815297572,0.08309014647556062,0.00015097304636942072,-0.01640839743394232
v6_proxy,2015,59,51,0.00993822772948889,0.01914751476362649,-0.006624264542275157,0.4915254237288136,0.5423728813559322,-0.11185055476833483,0.13634847190892063,0.004762500902067953,0.003174591856106236
v6_proxy,2016,76,67,-0.002902468831232745,-0.014865841933514949,-0.022574738625089293,0.3684210526315789,0.42105263157894735,-0.07938041859270965,0.09239291983587442,0.00211538605960827,-0.02976902388167912
v6_proxy,2017,73,63,0.016933023843325734,-0.006852390185073087,-0.021001080333129748,0.410958904109589,0.4383561643835616,-0.08319061321388026,0.1029114097490658,0.002918571687759116,-0.029088301927350305
v6_proxy,2018,54,49,-0.004878420505931228,0.0158337509096156,-0.027155388116379187,0.3888888888888889,0.4074074074074074,-0.12140437717626194,0.13082715814913437,0.004084536652968006,-0.020889989111766497
v6_proxy,2019,42,40,-0.023226175418598782,-0.023083045038638766,-0.028086625982030045,0.3333333333333333,0.35714285714285715,-0.07855663758437903,0.0773196232798654,0.00036888410653266945,-0.0349113769351726
v6_proxy,2020,55,47,-0.04288520783050648,-0.02641352542359667,-0.05899450405501083,0.36363636363636365,0.41818181818181815,-0.1489753309056504,0.12719239131722146,0.0029548066550868298,-0.05184308499856479
v6_proxy,2021,82,74,-0.0008555526110504818,0.006433536741817524,-0.02529405672801338,0.4146341463414634,0.4024390243902439,-0.09164808144543587,0.13093436333114308,0.004472988640994909,-0.013612056301123991
v6_proxy,2022,67,59,-0.014894462323982189,0.005258492389126886,-0.013880792740797118,0.47761194029850745,0.417910447761194,-0.10496790983968167,0.11605268512898347,0.0008019969873233273,-0.0058483182920542765
v6_proxy,2023,62,56,-0.0008528929379431795,-0.0045668680585248195,-0.014604465278787893,0.46774193548387094,0.4838709677419355,-0.10592374508221825,0.12829824226444664,0.0025628558921889375,-0.02146926730112141
v6_proxy,2024,75,58,0.019981864657972078,0.019122993913678835,0.0178541911898229,0.5733333333333334,0.5466666666666666,-0.09668438362939788,0.1427730054536862,0.004078947769084252,-0.00600793005589038
v6_proxy,2025,49,43,0.07277308262076551,0.026716144174863038,-0.03883485451950919,0.40816326530612246,0.5306122448979592,-0.09725686307824465,0.18847741523929265,0.00031892396747596483,-0.007641046723663382
v6_proxy,2026,11,11,-0.04657617899230194,-0.0005603464692936842,-0.07437177391925176,0.36363636363636365,0.36363636363636365,-0.14434927577231377,0.10173720973687957,0.005546539375065904,-0.08178943511012235
