row_pos,Close,ADV20,RS20,RS60,RS120,RS_RATIO_SLOPE,setup,trigger,regime,dist20,dd60,date,ticker,name,RS20_PCTL,RS60_PCTL,RS120_PCTL,entry_date,entry_price,entry_gap,NET5,BENCH5,EXCESS5,exit_date5,exit_price5,NET10,BENCH10,EXCESS10,exit_date10,exit_price10,NET20,BENCH20,EXCESS20,exit_date20,exit_price20,NET40,BENCH40,EXCESS40,exit_date40,exit_price40,NET60,BENCH60,EXCESS60,exit_date60,exit_price60,MAE20,MFE20,variant
253,13850,2768719400.0,0.17732511922239536,0.6439949857052891,0.49088960812239424,0.04408227620500327,True,True,mixed,0.02091963851336409,-0.06771674744211098,2000-01-12,033240,자화전자,0.865546218487395,0.9159663865546218,0.907563025210084,2000-01-13,13800.0,-0.0036101083032491488,-0.058347826086956545,-0.017046049462860924,-0.04130177662409562,2000-01-19,13050.0,-0.11994202898550721,-0.07279123824681166,-0.04715079073869555,2000-01-26,12200.0,,0.011643247544656843,,2000-02-10,16500.0,0.5467246376811594,-0.06669738026930239,0.6134220179504618,2000-03-10,21400.0,0.3075942028985508,-0.08888446799153982,0.3964786708900906,2000-04-10,18100.0,-0.13043478260869568,0.25,v6
7862,38819,10147121425.0,0.13625625387799678,0.16581586252505143,0.16284193401538893,0.06588355821284697,False,False,bear,0.04492456941511502,-0.029306593983646323,2020-03-09,000100,유한양행,0.9067164179104478,0.835820895522388,0.8022388059701493,2020-03-10,38565.0,-0.006543187614312607,-0.09963075327369375,-0.11734822554494684,0.017717472271253087,2020-03-16,34877.0,-0.15615869311551922,-0.2369663123761484,0.08080761926062918,2020-03-23,32697.0,,-0.07770543274056141,,2020-04-06,37645.0,0.0645595747439387,0.0015286820907429721,0.06303089265319572,2020-05-08,41209.0,0.12215065473875275,0.12302545229945694,-0.000874797560704188,2020-06-05,43430.0,-0.18483080513418904,0.11308180993128492,rs_only
6908,24950,3985265950.0,0.23653628898232926,0.5049457302406284,0.8799044467908567,0.12747822687234844,False,False,bull,0.12185251798561159,-0.049523809523809526,2016-04-06,000180,성창기업지주,0.9343629343629344,0.9613899613899614,0.972972972972973,2016-04-07,25250.0,0.012024048096192397,-0.2881584158415842,0.01878963992419469,-0.3069480557657789,2016-04-14,18075.0,,0.02190777005685396,,2016-04-21,18075.0,,-0.005528742893240679,,2016-05-09,18075.0,-0.2317227722772277,0.016616550852811107,-0.2483393231300388,2016-06-07,19500.0,-0.3515247524752475,0.005609602021478199,-0.3571343544967257,2016-07-05,16475.0,-0.30099009900990104,0.027722772277227747,rs_only
8678,11030,2977525247.0,0.19658634558025234,0.2317070075439931,0.2448268644421232,0.23136113713068074,False,True,bull,0.2105580859353564,-0.2883870967741935,2023-06-16,000480,CR홀딩스,0.9053254437869822,0.8047337278106509,0.772189349112426,2023-06-19,11100.0,0.006346328195829587,0.23563963963963963,-0.01831890789363122,0.25395854753327085,2023-06-23,13760.0,,-0.02054192799248289,,2023-06-30,21200.0,,0.003911293094887247,,2023-07-14,21200.0,-0.1265225225225225,-0.010236587396774577,-0.11628593512574792,2023-08-11,9740.0,-0.2958918918918919,-0.02336844839308494,-0.27252344349880697,2023-09-11,7860.0,-0.05405405405405406,0.9189189189189189,rs_only
2760,71678,27697317200.0,0.08620341454751235,0.2581312246524816,0.3770564808739931,0.09358446194165881,False,False,bull,0.15463020759921875,-0.07282558079370827,1999-06-30,000810,삼성화재,0.7388059701492538,0.7611940298507462,0.7164179104477612,1999-07-01,71679.0,1.395128212289265e-05,,0.12475402504472277,,1999-07-07,69656.0,,0.06626788908765646,,1999-07-14,56287.0,,0.05597048300536689,,1999-07-28,55232.0,,0.07669946332737032,,1999-08-25,57431.0,,0.05273926654740624,,1999-09-22,51714.0,-0.31288103907699605,0.1398736031473653,rs_only
8664,6299,2139014460.0,0.08298561830937312,0.40501381464072495,0.7199019666390993,0.017075134736242337,False,False,bull,0.04695420925787408,-0.013314536340852112,2023-05-25,001080,만호제강,0.7946428571428571,0.9047619047619048,0.9345238095238095,2023-05-26,6270.0,-0.004603905381806661,-0.0025645933014353216,0.015386777207897273,-0.017951370509332595,2023-06-02,6279.0,-0.008625199362041421,0.026312091618070577,-0.034937290980112,2023-06-12,6241.0,,0.007908069665956141,,2023-06-26,4371.0,-0.4583859649122807,0.025992021671077392,-0.48437798658335807,2023-07-24,3421.0,-0.39219776714513555,-0.018033209208646706,-0.37416455793648884,2023-08-22,3836.0,-0.3028708133971292,0.0349282296650717,rs_only
9415,5490,2292137567.15,0.8274960091566625,-0.241057722760891,0.007374023610826619,1.4580643010174437,False,True,bull,0.9454287739192062,0.05780346820809257,2026-06-29,001210,금호전기,0.9969512195121951,0.899390243902439,0.9115853658536586,2026-06-30,5965.0,0.08652094717668479,-0.19679128248113997,-0.043410125108415465,-0.1533811573727245,2026-07-06,4815.0,-0.15320368818105612,-0.19125904451863562,0.038055356337579505,2026-07-13,5075.0,,-0.2843204581367995,,2026-07-28,4470.0,0.41259681475272414,-0.19110696591300635,0.6037037806657305,2026-08-26,8450.0,0.6657401508801342,-0.1587059061152234,0.8244460569953576,2026-09-23,9960.0,-0.4375523889354568,0.3646269907795474,rs_only
3442,61098,3111673125.75,1.468567379015063,1.5178276709075738,1.889701763413655,0.15315281544028392,False,False,bull,0.5344316640715254,-0.1671937189902405,2002-04-12,001250,GS글로벌,1.0,0.9939759036144579,0.963855421686747,2002-04-15,61098.0,0.0,,0.05107844921732818,,2002-04-19,61098.0,,-0.010682107753913317,,2002-04-26,61098.0,,-0.06501410629777937,,2002-05-13,67023.0,,-0.07247679286494346,,2002-06-11,67023.0,,-0.1298689479432108,,2002-07-11,68134.0,-0.3363776228354447,0.09697535107532151,rs_only
6208,626876,3263920491.5,4.197261215238849,1.0435237055026767,0.3594779124090062,0.6491577229096288,False,False,bull,0.9189069311343472,-0.005493869171985244,2013-05-31,001260,남광토건,1.0,0.9953703703703703,0.8333333333333334,2013-06-03,,,,-0.030309415937906037,,2013-06-10,641455.0,,-0.055195147282387835,,2013-06-17,532463.0,,-0.0689274550827601,,2013-07-01,477620.0,,-0.04677112653089888,,2013-07-29,424860.0,,-0.053820411316987005,,2013-08-27,148562.0,,,rs_only
8695,9918,54937554206.5,0.06768359730897666,0.5991704073338324,0.8235270422863601,0.108602539898774,False,True,mixed,0.045452628915967574,-0.39587013461655596,2023-07-11,001340,PKC,0.6962750716332379,0.9484240687679083,0.9169054441260746,2023-07-12,9696.0,-0.02238354506957052,,0.01955341119248044,,2023-07-18,9090.0,,0.03082956353783417,,2023-07-25,9090.0,,0.0064005067230734625,,2023-08-08,9090.0,,0.0022403728480886453,,2023-09-06,9090.0,,-0.04204315747905274,,2023-10-11,9090.0,-0.1167491749174917,0.02289603960396036,rs_only
3044,22949,2064940742.5,1.254422314139349,0.8685054062036184,1.254145808447221,0.7697701180678638,False,True,bear,0.7133663329376367,0.14940398677752187,2000-08-23,001380,SG글로벌,0.9863013698630136,0.958904109589041,0.9863013698630136,2000-08-24,24494.0,0.06732319491045358,-0.03760006532211968,-0.005106418311145666,-0.032493647010974014,2000-08-30,23671.0,0.01702555727933364,-0.06356037751515309,0.08058593479448672,2000-09-06,25009.0,,-0.1909579031856301,,2000-09-25,23156.0,-0.4330438474728505,-0.24573081287537024,-0.18731303459748028,2000-10-24,13985.0,-0.6409723197517759,-0.26455121640696344,-0.3764211033448125,2000-11-21,8892.0,-0.21013309381889445,0.42014370866334616,rs_only
6787,6531,2812714840.0,1.349303315985071,0.9435133423113508,0.5637422374625632,0.9187542104586126,False,True,mixed,0.881969858513673,0.15592920353982298,2015-10-08,001380,SG글로벌,1.0,0.988929889298893,0.8966789667896679,2015-10-12,6531.0,0.0,,0.003921219583352009,,2015-10-16,9607.0,,0.008935238066982265,,2015-10-23,7984.0,,0.009266539091048465,,2015-11-06,6040.0,,-0.02370038519925033,,2015-12-04,6251.0,,-0.04791502870451403,,2016-01-06,5149.0,-0.07671107028020208,0.9326290001531159,rs_only
8723,9130,12300570792.5,0.039782040857154866,0.37744308410711047,0.8991719891303762,0.1003602814010669,False,False,bear,0.049606253951830714,-0.13541666666666663,2023-08-21,001390,KG케미칼,0.6380368098159509,0.911042944785276,0.9355828220858896,2023-08-22,,,,0.005940539236431119,,2023-08-28,8470.0,,0.022211763216908986,,2023-09-04,7610.0,,0.01832391363674124,,2023-09-18,8400.0,,-0.06777830951712349,,2023-10-23,6140.0,,-0.014708964993533469,,2023-11-20,6650.0,,,rs_only
9347,4364,211923742931.3,0.7478835557579768,1.9287657266227602,1.430952115789217,0.1701422394923069,False,True,bull,0.19682966294600002,-0.07640211640211636,2026-03-19,001510,SK증권,0.9873737373737373,0.9949494949494949,0.9848484848484849,2026-03-20,4474.0,0.025206232813932195,-0.06881895395619131,-0.060703381010948965,-0.008115572945242344,2026-03-26,4184.0,-0.14838980777827449,-0.09964994366415236,-0.04873986411412212,2026-04-02,3828.0,,0.07099176894561654,,2026-04-16,3730.0,-0.10771032632990618,0.2928930823019429,-0.40060340863184907,2026-05-18,4010.0,-0.2976969155118462,0.5248075550242113,-0.8225044705360575,2026-06-17,3160.0,-0.1767992847563702,0.26419311578006255,rs_only
9020,35364,3241271180.0,0.004922289195513518,0.31181941074950426,0.6629469087002575,0.018690916275219127,False,False,bear,0.010664216502314305,-0.03962197539581236,2024-11-11,001530,DI동일,0.5202952029520295,0.8929889298892989,0.9446494464944649,2024-11-12,35364.0,0.0,0.0527243524488179,-0.02328773625956304,0.07601208870838094,2024-11-18,37370.0,,0.002531705657571104,,2024-11-25,38737.0,,-0.0662041029454814,,2024-12-09,38737.0,0.3196624816197262,-0.002389297214332564,0.3220517788340588,2025-01-09,46810.0,0.259064133016627,0.00808959073395732,0.2509745422826697,2025-02-12,44667.0,0.0,0.09795272028051127,rs_only
6307,53049,8956936325.0,0.10822248461114392,0.12465196907270659,0.18876771107439683,0.09838755203804395,False,False,bull,0.08680465214425159,-0.01564239590291694,2013-10-28,001630,종근당홀딩스,0.91005291005291,0.8571428571428571,0.798941798941799,2013-10-29,53540.0,0.009255593884898827,,-0.010504868884578356,,2013-11-04,56000.0,,-0.033894081605730375,,2013-11-11,56000.0,,-0.014995089584544652,,2013-11-25,56000.0,-0.1896555846096376,-0.02432243595694472,-0.16533314865269289,2013-12-23,43600.0,-0.21580425849831897,-0.04841034460855931,-0.16739391388975966,2014-01-23,42200.0,-0.027549495704146443,0.045946955547254476,rs_only
6284,95177,2484885410.0,0.00914523068113926,0.09342720815524519,0.16109308323783011,0.013125475169620149,False,True,bull,0.04873036598736147,-0.004466340320488649,2013-09-23,002030,아세아,0.5948717948717949,0.6461538461538462,0.764102564102564,2013-09-24,94963.0,-0.002248442375784032,,-0.002273283670828463,,2013-09-30,103500.0,,0.000624528480996922,,2013-10-08,103500.0,,0.017107084151465557,,2013-10-23,103500.0,0.201732759074587,0.007859066404864334,0.19387369266972265,2013-11-20,114500.0,0.24911963606878462,-0.013429860455356102,0.2625494965241407,2013-12-18,119000.0,-0.016848667375714776,0.08989817086654806,rs_only
7179,53732,8302177840.0,0.08313588418187012,0.03418597974498905,0.19247704919330455,0.09879582035911794,False,False,bull,0.1311988092644112,-0.002561722665676669,2017-05-15,002620,제일파마홀딩스,0.8178137651821862,0.6639676113360324,0.8744939271255061,2017-05-16,53524.0,-0.0038710637981090867,0.04128809506015996,-0.0011704880935349271,0.042458583153694884,2017-05-22,55948.0,-0.11654764217920932,0.020045692387058667,-0.136593334566268,2017-05-29,47500.0,,0.029465953969471936,,2017-06-13,47500.0,,0.03869980448513699,,2017-07-11,47500.0,-0.1669923025184964,0.03814924156706678,-0.20514154408556318,2017-08-08,44800.0,-0.15912487855915103,0.07503176145280621,rs_only
6652,140675,19271126688.0,0.03465014538790667,0.3074663623981695,0.23678599745380202,0.0861808858768176,False,True,bull,0.09816978208345861,-0.01121802756710788,2015-03-25,002790,아모레퍼시픽홀딩스,0.5538461538461539,0.8038461538461539,0.7076923076923077,2015-03-26,142271.0,0.0113452994490848,0.01774722888009506,0.0006166140489345384,0.01713061483116052,2015-04-01,145365.0,-0.0018913482016713577,0.015814917127071837,-0.017706265328743195,2015-04-08,142571.0,,0.05756215469613246,,2015-04-22,162625.0,0.3249004786639582,0.05865232833464873,0.2662481503293095,2015-05-22,189064.0,0.3073705533805202,0.013792423046566693,0.2935781303339535,2015-06-22,186570.0,-0.04207463221598218,0.17391457148681044,rs_only
2720,7751,2082188325.0,0.7529385225772363,1.358325069033441,4.54162167688707,0.43478288968139167,False,True,bull,0.5681712424383434,0.035399412236174266,1999-05-04,002810,삼영무역,0.9880239520958084,0.9940119760479041,0.9820359281437125,1999-05-06,7749.0,-0.00025803122177781024,,-0.003287438118811825,,1999-05-12,6081.0,,-0.05247009075907583,,1999-05-19,4954.0,,-0.0008766501650164793,,1999-06-02,4091.0,,0.1383560231023102,,1999-06-30,3257.0,,0.2175897277227723,,1999-07-28,3516.0,-0.5102593883081687,0.08259130210349719,rs_only
6719,19215,29467974099.35,0.6600144912958483,0.6962760549746954,1.5888454664313123,0.5739776082044052,False,True,mixed,0.7649328103902784,0.16447488031028423,2015-07-01,003060,에이프로젠바이오로직스,0.9864864864864865,0.9087837837837838,0.9290540540540541,2015-07-02,19727.0,0.02664584959666927,0.5285188827495311,-0.043139655737004734,0.5716585384865358,2015-07-08,30232.0,2.5571091397576926,-0.016230761564417717,2.57333990132211,2015-07-15,70250.0,,-0.032978819330742204,,2015-07-29,44564.0,0.6005521366654838,-0.0944943548272279,0.6950464914927117,2015-08-27,31653.0,0.09231469559486993,-0.0759381332725867,0.16825282886745663,2015-09-24,21627.0,-0.026613271151214035,3.446241192274548,rs_only
900,6533,16597407100.0,0.37649235955678295,0.6703037360121394,1.1766558418204054,0.13056904488544618,False,False,bear,0.1275360067655611,-0.07959988729219503,1999-10-13,003160,디아이,0.9719626168224299,0.9906542056074766,0.9626168224299065,1999-10-14,6534.0,0.0001530690341344787,,-0.024060998390450727,,1999-10-20,5869.0,,-0.0678477859886979,,1999-10-27,4813.0,,0.10290541254978436,,1999-11-10,5851.0,,0.16113114888917623,,1999-12-08,5350.0,,0.15291892336431046,,2000-01-11,4200.0,-0.29522497704315886,0.1267217630853994,rs_only
6611,2650,2036269984.5,0.657439121407871,0.49119732011733364,0.43148302212468304,0.3768426195368706,False,True,bear,0.3951039747301921,0.011450381679389388,2015-01-22,003350,한국화장품제조,0.9903846153846154,0.9423076923076923,0.8798076923076923,2015-01-23,2650.0,0.0,,0.002909487190031701,,2015-01-29,2710.0,,0.0038450466751656087,,2015-02-05,2900.0,,0.015811983386108563,,2015-02-24,3810.0,,0.04935333305917666,,2015-03-24,5320.0,,0.10251572973639855,,2015-04-21,10580.0,-0.07169811320754715,1.1849056603773587,rs_only
4752,49305,73141815709.0,0.21575165138942087,0.7174090339060657,1.3840726756109276,0.20430562125824347,False,False,bull,0.12646033742404872,-0.022656993339676523,2007-07-26,003480,한진중공업홀딩스,0.7740384615384616,0.8942307692307693,0.875,2007-07-27,48223.0,-0.02194503600040565,,-0.03687091023435429,,2007-08-02,46900.0,,-0.00796773405543627,,2007-08-09,46900.0,,-0.06896014053981014,,2007-08-24,46900.0,-0.22117852477033784,-0.002468802137203019,-0.21870972263313482,2007-09-21,37750.0,0.11579760695104002,0.027411499940229067,0.08838610701081095,2007-10-25,54000.0,-0.05238164361404307,0.06357961968355341,rs_only
3513,8269,9773636975.0,0.07241741007541502,0.32159554283597225,0.3663781202801838,0.060507462974930704,True,False,bear,0.0017020090975716773,-0.09598775554826722,2002-07-29,003550,LG,0.5871559633027523,0.8715596330275229,0.8165137614678899,2002-07-30,8269.0,0.0,,-0.06479559356749431,,2002-08-05,8269.0,,-0.03762905145451034,,2002-08-12,8269.0,,0.0022004483932573926,,2002-08-27,6574.0,,-0.08942954413352155,,2002-09-25,5237.0,,-0.09355365495862056,,2002-10-24,5306.0,-0.20752207038335957,0.0,rs_only
3981,10956,41849406010.0,0.07681697581498059,0.37152058117925146,0.9713848423723257,0.002410853792195633,False,False,bear,0.0019021142731727725,-0.17188208616780043,2004-06-23,003550,LG,0.7126436781609196,0.8850574712643678,0.9540229885057471,2004-06-24,11094.0,0.012595837897042772,,0.044044961734693855,,2004-06-30,11714.0,,0.01227678571428581,,2004-07-07,11714.0,,0.0009034863945578397,,2004-07-21,11714.0,0.1455402920497566,0.027303890306122458,0.11823640174363415,2004-08-18,12753.0,0.3370852713178294,0.1301950467687074,0.20689022454912198,2004-09-15,14878.0,-0.003154858482062428,0.108617270596719,rs_only
8149,117138,60601419342.1,0.3461192871319505,0.1734707447200674,0.4097136610689547,0.0909680680331717,False,True,bull,0.23186778806338215,0.06896268513702197,2021-04-26,003550,LG,0.9308943089430894,0.6544715447154471,0.7764227642276422,2021-04-27,114776.0,-0.020164250712834453,,-0.02830687008669186,,2021-05-03,119500.0,,-0.0027561134760588635,,2021-05-11,119500.0,,-0.015495758630332923,,2021-05-26,119500.0,-0.09353091238586464,0.017987757511729763,-0.1115186698975944,2021-06-23,104500.0,-0.1606181083153273,-0.000742628095578568,-0.15987548021974873,2021-07-21,96800.0,-0.0452620756952673,0.04115843033386768,rs_only
5341,151872,15426283576.25,0.4086081296293189,0.10307775517828899,0.7487265136916392,0.38352891053016513,False,True,mixed,0.390219890217373,0.0012922281705740613,2009-12-07,003620,KG모빌리티,0.9931506849315068,0.7602739726027398,0.9863013698630136,2009-12-08,162098.0,0.06733301727770757,-0.12422356845858673,0.020842786887256493,-0.14506635534584322,2009-12-14,142610.0,-0.30400370146454614,0.008247587044236449,-0.3122512885087826,2009-12-21,113468.0,,0.032297428224530744,,2010-01-07,96487.0,,-0.008805602227155096,,2010-02-04,96487.0,-0.6264999691544622,0.017942334343075128,-0.6444423034975373,2010-03-08,61192.0,-0.4047798245505805,0.057138274377228626,rs_only
5671,3160,2223158817.5,0.116341990611039,0.33032801318306415,0.33963094582421727,0.02621884424924703,False,True,mixed,0.12335584784927134,0.03947368421052633,2011-04-05,003720,삼영,0.8704663212435233,0.8963730569948186,0.8393782383419689,2011-04-06,3180.0,0.006329113924050667,0.16738364779874204,-0.018660203933061892,0.18604385173180393,2011-04-12,3725.0,,-0.003029406377252797,,2011-04-19,3820.0,,0.033628759164541444,,2011-05-03,3820.0,0.6154968553459119,-0.007012253831377269,0.6225091091772892,2011-06-02,5150.0,0.5337358490566038,-0.0015921996308352337,0.535328048687439,2011-07-01,4890.0,-0.022012578616352196,0.2248427672955975,rs_only
3731,141000,6306192650.0,0.13981259864664608,0.4447304016589806,0.6037182903207081,0.1800361269192654,False,True,bull,0.16672838190909034,0.03930182504348845,2003-06-16,004370,농심,0.8942307692307693,0.8076923076923077,0.9519230769230769,2003-06-17,141000.0,0.0,,0.0012318926620755732,,2003-06-23,141000.0,,-0.005684516741866652,,2003-06-30,141000.0,,0.06877819995250545,,2003-07-14,141000.0,,0.040875089052481606,,2003-08-12,136500.0,,0.11851401092377101,,2003-09-15,140000.0,0.0,0.0,rs_only
8137,27150,115347340942.5,1.4825910512535387,2.4690813803715006,4.407416927720992,0.02764961924770204,False,False,mixed,0.4888949821771318,-0.07966101694915251,2021-04-08,004830,덕성,1.0,1.0,1.0,2021-04-09,,,,0.015197790567962555,,2021-04-15,22400.0,,0.00985536356153327,,2021-04-22,20900.0,,0.01610991225198699,,2021-05-07,22650.0,,0.03356417109750165,,2021-06-07,27350.0,,0.046623083988291736,,2021-07-05,19700.0,,,rs_only
7403,12385,12679399740.0,0.17708094312574707,0.20524501661674865,0.3469094932810266,0.0722441195562622,False,True,bear,0.05181806986925519,-0.08469440543936146,2018-04-12,005070,코스모신소재,0.8861209964412812,0.7864768683274022,0.7117437722419929,2018-04-13,12636.0,0.020266451352442427,,0.014974973667235547,,2018-04-19,13854.0,,0.01070457496060273,,2018-04-26,13854.0,,0.010896457120461278,,2018-05-14,13854.0,0.6052117758784425,-0.010590262184517196,0.6158020380629597,2018-06-14,20334.0,0.8103399810066476,-0.0671015995623454,0.877441580568993,2018-07-12,22926.0,-0.03402975625197846,0.18415637860082312,rs_only
264,33836,2003689850.0,0.599275030612703,0.9890881901380257,0.6587593713649041,0.019485095655994433,False,False,bear,0.2169778407599099,-0.12780326854668245,1997-11-19,005320,온타이드,1.0,1.0,0.8636363636363636,1997-11-20,33836.0,0.0,-0.22819907790518978,-0.12942131738424367,-0.09877776052094611,1997-11-25,26250.0,-0.2575169641801631,-0.2213728363765991,-0.03614412780356402,1997-12-01,25258.0,,-0.3055016437596546,,1997-12-12,14700.0,-0.43206478307128504,-0.08159385273497843,-0.3504709303363066,1998-01-13,19352.0,-0.33991441068684247,0.09763536261734074,-0.4375497733041832,1998-02-09,22470.0,-0.5655514836269062,0.024116325806832872,rs_only
7128,17750,3128072787.5,0.04251802207474009,0.06884495259625778,0.10779015455887953,0.0010918151378334073,True,False,bull,-0.0006052672325211894,-0.040436803978808555,2017-02-24,005740,크라운해태홀딩스,0.5387931034482759,0.6422413793103449,0.7327586206896551,2017-02-27,,,,-0.006733572897726803,,2017-03-06,17750.0,,0.01055610435844967,,2017-03-13,17750.0,,0.028723866244804386,,2017-03-27,17750.0,,0.03735200217612267,,2017-04-24,30100.0,,0.12399604861916447,,2017-05-26,29750.0,,,rs_only
5434,7398,3727886959.75,1.3571029745164274,1.3127168747114626,0.1516671991578451,0.9206399062419492,False,True,bull,0.8407106068522805,0.11870557991834274,2013-01-04,005880,대한해운,1.0,0.9947916666666666,0.71875,2013-01-07,7516.0,0.01595025682616913,0.10656412985630648,-0.007693263424695007,0.11425739328100148,2013-01-11,8347.0,0.3766546035125067,-0.012076634445742251,0.38873123795824893,2013-01-18,10377.0,,-0.027015878537882454,,2013-02-01,6364.0,,0.0022165345525928526,,2013-03-05,6364.0,,-0.012921501876102637,,2013-04-02,6364.0,-0.18281000532197977,0.5767695582756787,rs_only
8631,24950,145582895165.0,0.643972707411484,1.5799195406597586,1.1112258834863824,0.03593827705171182,False,False,mixed,0.17204932472108037,-0.10090090090090087,2023-04-06,005950,이수화학,0.9769736842105263,0.9868421052631579,0.9638157894736842,2023-04-07,25349.0,0.015991983967935886,-0.11244609254802951,0.03349417422457468,-0.1459402667726042,2023-04-13,22600.0,-0.02368519468223595,0.034079172449407835,-0.05776436713164379,2023-04-20,24850.0,,0.013947164574121373,,2023-05-08,20750.0,0.181451102607598,0.05525610818836135,0.12619499441923665,2023-06-07,30050.0,0.06310323878654,0.04048994609947387,0.022613292687066133,2023-07-05,27050.0,-0.20509684800189354,0.2426525701211093,rs_only
7310,51753,18318185395.0,0.0982352359864902,0.19685420436186285,0.09466865921981005,0.0458510846316742,False,True,bull,0.08066402171643339,0.032025844018585437,2017-11-24,006120,SK디스커버리,0.7083333333333334,0.8371212121212122,0.7272727272727273,2017-11-27,52247.0,0.009545340366742039,,-0.027244433616007924,,2017-12-01,52000.0,,-0.03172819227111601,,2017-12-08,52000.0,,-0.04094720875217106,,2017-12-22,52000.0,-0.05849116695695444,-0.0026486006428946274,-0.055842566314059816,2018-01-24,49400.0,-0.0805020001148391,-0.036632426102470084,-0.04386957401236902,2018-02-23,48250.0,-0.02601106283614374,0.02363772082607607,rs_only
3177,19329,3572533640.0,0.14504772625822393,0.15758163772062084,0.21306345887323008,0.04985559405368001,False,True,bear,0.06842295818673771,-0.010899600859686776,2024-11-22,007070,GS리테일,0.8884892086330936,0.762589928057554,0.7589928057553957,2024-11-25,19457.0,0.006622173935537212,,-0.02701942466849716,,2024-11-29,19800.0,,-0.03801339878214505,,2024-12-06,19800.0,,-0.047525662510746414,,2024-12-20,19800.0,-0.19041106028678623,0.009092313726422274,-0.1995033740132085,2025-01-22,15830.0,-0.18938315259289717,0.04206631248241943,-0.2314494650753166,2025-02-25,15850.0,-0.006578609240890154,0.032995836973839676,rs_only
8989,20450,2024912750.0,0.17784544626541887,0.3417438044125616,0.2460456898470521,0.06273961245039472,False,False,bear,0.10338948299862949,-0.018242918867018676,2024-09-24,007340,DN오토모티브,0.927007299270073,0.9087591240875912,0.7956204379562044,2024-09-25,,,,-0.03431208085316528,,2024-10-02,20450.0,,-0.021035092414926737,,2024-10-11,18650.0,,-0.026177003894130912,,2024-10-25,17590.0,,-0.057100097636002545,,2024-11-22,18510.0,,-0.09370040449201,,2024-12-20,18290.0,,,rs_only
5683,26462,2434253494.25,3.41944614174776,3.2557567568029153,2.427171100488488,2.7203766497479203,False,True,bull,1.954304406560159,0.299896841381343,2017-11-16,007460,에이프로젠,1.0,1.0,1.0,2017-11-17,,,,-0.0034956108481766224,,2017-11-23,31874.0,,-0.02736788358437592,,2017-11-30,30220.0,,-0.030074036252233927,,2017-12-14,35182.0,,-0.009548123563952182,,2018-01-16,46909.0,,-0.05925256770291243,,2018-02-13,38490.0,,,rs_only
6958,35465,2609232820.0,0.15998762244982556,0.35414051005063507,0.46310046440814734,0.14255638631399337,False,False,mixed,0.14582306863468886,-0.08136041029891727,2016-06-21,007540,샘표,0.9052631578947369,0.8771929824561403,0.8807017543859649,2016-06-22,35041.0,-0.011955449034259158,0.11326263519876711,-0.022989433741383958,0.13625206894015107,2016-06-28,39150.0,,0.004072096801865044,,2016-07-05,39150.0,,0.017716396370939247,,2016-07-19,39150.0,1.3247006649353614,0.03126986850205382,1.2934307964333076,2016-08-17,81600.0,0.3815198196398504,0.017156293836853687,0.3643635258029967,2016-09-19,48550.0,-0.08963785280100456,0.11726263519876712,rs_only
3486,2210,2079873185.25,0.09249853869782598,0.2793541104969435,0.8764654161781946,0.051625258056545276,False,False,bear,0.05731508946512309,-0.16097190584662113,2002-06-18,007700,F&F홀딩스,0.8290598290598291,0.8974358974358975,0.9487179487179487,2002-06-19,2204.0,-0.002714932126696823,-0.0343992740471869,-0.06255270598740026,0.028153431940213358,2002-06-25,2137.0,,-0.06572746664021034,,2002-07-03,2000.0,,-0.040316980008929026,,2002-07-18,2000.0,-0.26443557168784027,-0.10921920730194956,-0.1552163643858907,2002-08-16,1630.0,-0.08294736842105266,-0.1093680242075501,0.026420655786497438,2002-09-13,2030.0,-0.14882032667876588,0.012250453720508148,rs_only
8138,76750,16196375387.5,0.04805653227269313,0.7665361564185869,0.2860072161050884,0.1428078593853166,False,True,mixed,0.09097370291400142,-0.01602564102564108,2021-04-09,007700,F&F홀딩스,0.5384615384615384,0.9479638009049773,0.7398190045248869,2021-04-12,78000.0,0.016286644951140072,-0.013615384615384581,0.020332516715153348,-0.03394790133053793,2021-04-16,77250.0,0.09535897435897445,0.016338743428775615,0.07902023093019883,2021-04-23,85750.0,,0.03649900474659318,,2021-05-10,90000.0,-0.511051282051282,0.036030087276067935,-0.54708136932735,2021-06-08,38450.0,-0.5219487179487179,0.05433381820037764,-0.5762825361490955,2021-07-06,37600.0,-0.038461538461538436,0.15705128205128216,rs_only
6457,11645,4283635337.5,0.09253738874323836,0.2187621096168988,0.3685925045977595,0.03863662934329959,False,False,bull,0.07864023712486112,-0.034010783907092446,2014-06-09,007860,서연,0.8140703517587939,0.8190954773869347,0.7939698492462312,2014-06-10,11593.0,-0.0044654358093602076,-0.048164582075390316,-0.0036483764724698498,-0.04451620560292047,2014-06-16,11081.0,-0.0968146295178125,-0.012979224245210919,-0.08383540527260158,2014-06-23,10517.0,,0.0021140592436363903,,2014-07-07,10850.0,,0.039747312445961525,,2014-08-04,10850.0,0.6823624601052358,0.02533372649171106,0.6570287336135248,2014-09-02,19550.0,-0.132752523074269,0.015526610885879366,rs_only
9191,3580,158349313234.1,0.47626043028322806,0.06488482275803742,1.62955231200124,0.046925048766702115,False,False,bull,0.09528690091936776,-0.06697941099817561,2025-07-25,008970,KBI동양철관,0.9941348973607038,0.6129032258064516,0.9824046920821115,2025-07-28,3599.0,0.005307262569832494,-0.19044067796610165,-0.033822604774190856,-0.1566180731919108,2025-08-01,2928.0,-0.17432509030286192,-0.0057609931208786325,-0.16856409718198329,2025-08-08,2986.0,,-0.00580745274282124,,2025-08-25,2629.0,-0.3315909974993053,0.0743477843406295,-0.4059387818399348,2025-09-22,2420.0,-0.2913020283412059,0.25218902252052744,-0.5434910508617333,2025-10-27,2565.0,-0.26951931091969994,0.12281189219227562,rs_only
2848,5321,17543931490.0,0.7319378595804871,0.18394162302462902,0.21083259309935976,0.0759260096255363,False,False,mixed,0.2784565298350572,-0.06485061511423551,1999-11-03,009180,한솔로지스틱스,0.9818181818181818,0.8090909090909091,0.7636363636363637,1999-11-04,5320.0,-0.00018793459875965368,,0.04847212294496073,,1999-11-10,8087.0,,0.08072730521801286,,1999-11-17,12908.0,,0.11593102215868467,,1999-12-01,15823.0,,0.1828091493924231,,2000-01-04,13849.0,,0.03729226233023586,,2000-02-01,9345.0,0.0,2.54812030075188,rs_only
6702,3797,4602380862.25,0.07303576283387003,0.5926400435338959,0.5741419231813254,0.005556216910025835,True,False,mixed,0.031135008893777183,-0.08062953995157385,2015-06-08,009180,한솔로지스틱스,0.632398753894081,0.8847352024922118,0.7819314641744548,2015-06-09,3829.0,0.00842770608375032,-0.12309114651344999,-0.010216148105069323,-0.11287499840838067,2015-06-15,3373.0,-0.08496108644554712,-0.003993408936706522,-0.0809676775088406,2015-06-22,3519.0,,-0.004589512455171252,,2015-07-06,3655.0,0.08453486550013056,-0.02661141804788214,0.1111462835480127,2015-08-03,4168.0,-0.06720188038652386,-0.07229330231656494,0.0050914219300410846,2015-09-01,3587.0,-0.14259597806215718,0.0,rs_only
7974,18769,7896040615.0,0.004571758737213161,0.16701207186731581,0.2279661029907889,0.1029384840217984,False,True,bull,0.10562295482727024,0.048313226094727435,2020-08-07,009410,태영건설,0.5068870523415978,0.7272727272727273,0.71900826446281,2020-08-10,19277.0,0.027065906548031426,-0.03035264823364636,0.022757782762370837,-0.0531104309960172,2020-08-14,18769.0,0.032987083052342214,-0.010233992659053892,0.043221075711396106,2020-08-24,19990.0,,0.012872145187601935,,2020-09-07,21974.0,0.05145468693261401,0.016160277324632988,0.035294409607981025,2020-10-08,20346.0,0.03770773460600707,0.026585440456770026,0.011122294149237044,2020-11-06,20081.0,-0.06069409140426418,0.16361467033252053,rs_only
4334,152160,37643859650.0,0.1884402034243533,0.054192403265460376,0.17366730963314225,0.08516008273129239,False,False,bull,0.10689309381202672,-0.014699216473483157,2017-03-03,009540,HD한국조선해양,0.9694323144104804,0.6200873362445415,0.8384279475982532,2017-03-06,151705.0,-0.0029902733964247696,-0.0069926502092877395,0.011648659077754253,-0.018641309287041993,2017-03-10,151251.0,0.058878613097788524,0.044076789504148284,0.01480182359364024,2017-03-17,161244.0,,0.041978583831757676,,2017-03-31,149889.0,,0.06378545244067158,,2017-04-28,149889.0,0.11933146567351116,0.13091356357322037,-0.01158209789970921,2017-06-01,170415.0,-0.02096173494611253,0.07784186414422734,rs_only
5224,20757,6938351263.0,0.10585855647512488,0.17875143693903262,0.5391121008395601,0.1526880033141833,False,True,mixed,0.1136924562721322,-0.009023202520767715,2009-06-24,009970,영원무역홀딩스,0.8688524590163934,0.6666666666666666,0.7213114754098361,2009-06-25,21135.0,0.018210724093077113,,0.03283630137988558,,2009-07-01,21800.0,,0.0470009804065028,,2009-07-08,21800.0,,0.09310935190740288,,2009-07-22,21800.0,-0.1996470309912467,0.13109644566060386,-0.33074347665185055,2009-08-19,17000.0,0.036927371658386665,0.2316027451382081,-0.19467537347982145,2009-09-16,22000.0,-0.04485450674237046,0.06732907499408558,rs_only
8033,157600,111441289350.0,0.09523184065361223,0.4498402639265888,1.0874247387108524,0.009146802190107994,True,False,mixed,-0.003351672674381856,-0.13120176405733186,2026-04-07,010120,LS ELECTRIC,0.7815126050420168,0.9103641456582633,0.9775910364145658,2026-04-08,157600.0,0.0,,0.02808930694092715,,2026-04-14,185600.0,,0.10056850483229107,,2026-04-21,184700.0,,0.29034230881871603,,2026-05-07,318500.0,,0.28937068237807306,,2026-06-08,208000.0,,0.3870363670818475,,2026-07-06,218500.0,0.0,1.1256345177664975,rs_only
6386,11770,19853246395.3,0.19466193633787898,1.9088137734549235,1.7323352118963626,0.2643498473103043,False,True,mixed,0.20310743125830522,-0.14771904417089066,2021-02-25,011300,우성머티리얼스,0.9088937093275488,0.9978308026030369,0.9761388286334056,2021-02-26,11770.0,0.0,-0.47044010195412067,-0.020466161081602374,-0.4499739408725183,2021-03-05,6280.0,-0.48403398470688186,-0.011361098433722017,-0.47267288627315984,2021-03-12,6120.0,,-0.0156919103152946,,2021-03-26,7850.0,,0.03127053332427043,,2021-04-23,7850.0,,0.026486572217421234,,2021-05-25,7850.0,-0.5301614273576891,0.16057774001699232,rs_only
4144,955660,3749616552.0,0.8389243199835259,1.2387696001378867,0.6710478049125879,0.5365741036880003,False,True,bull,0.5519717947322993,0.0691503048609945,2005-02-16,011330,유니켐,0.9558823529411765,0.9411764705882353,0.7647058823529411,2005-02-17,1025210.0,0.07277692903333821,-0.2401760029652461,-0.004594511255010869,-0.23558149171023524,2005-02-23,783080.0,-0.13464640415134466,0.039079042039263934,-0.1737254461906086,2005-03-03,891270.0,,0.007349162298283529,,2005-03-17,795970.0,-0.2050027213936657,-0.026395312981806973,-0.17860740841185874,2005-04-15,819140.0,-0.1446931262863218,-0.045081714461918,-0.0996114118244038,2005-05-16,880970.0,-0.344222159362472,0.1306561582505048,rs_only
5888,129711,78808194025.0,0.3265938118894611,0.42565614468812996,0.3427796492304207,0.08469048248512134,False,False,bull,0.08704369721067451,-0.007194740185685555,2021-02-17,011790,SKC,0.9324618736383442,0.8867102396514162,0.7799564270152506,2021-02-18,129241.0,-0.003623439800787942,-0.12763723586168474,-0.04366901466916151,-0.08396822119252323,2021-02-24,113262.0,-0.1458203201770336,-0.028179223051722047,-0.11764109712531157,2021-03-04,110912.0,,-0.020988332364755502,,2021-03-18,107152.0,0.06508798291563833,0.01998569485334034,0.04510228806229799,2021-04-15,138170.0,-0.06582248667218604,0.006890738056160695,-0.07271322472834674,2021-05-14,121251.0,-0.18545972253387089,0.03999504801108,rs_only
8515,21561,84580024814.5,0.47436176165483224,1.389119047131747,3.2467796668579654,0.36701885739359996,False,True,mixed,0.3853345112842341,0.012158482771570833,2023-08-17,011810,STX,0.9629629629629629,0.9876543209876543,0.9969135802469136,2023-08-18,20990.0,-0.02648300171606144,0.3269194854692712,0.017032839314197856,0.30988664615507333,2023-08-24,27936.0,,0.024483203616572746,,2023-08-31,37578.0,,0.031144045720148394,,2023-09-14,37578.0,-0.4007127203430205,-0.03181333611202386,-0.36889938423099666,2023-10-19,12663.0,-0.3284402096236303,-0.002805408828220779,-0.3256348007954095,2023-11-16,14180.0,-0.012339209147212982,1.0569318723201526,rs_only
3055,57950,11942995491.5,0.046182700546624655,0.38475265350094756,0.37618023995912564,0.22993197616168293,False,False,bear,-0.0151927129358983,-0.33551198257080606,2008-07-15,011930,신성이엔지,0.6666666666666666,0.9056603773584906,0.8930817610062893,2008-07-16,59390.0,0.024849007765314957,-0.09138844923387779,0.02809221833698805,-0.11948066757086584,2008-07-22,54200.0,-0.16564337430543863,0.032023548469942265,-0.1976669227753809,2008-07-29,49790.0,,0.038556009930394985,,2008-08-12,49790.0,0.09365953864286913,-0.035289779200168514,0.12894931784303765,2008-09-10,65190.0,-0.15486714935174273,-0.18247430148099852,0.027607152129255796,2008-10-10,50430.0,-0.16652635123758208,0.016164337430543796,rs_only
7429,31600,158216627599.5,0.25491300966721697,0.8014819052848585,0.19701681431990492,0.04091188362901299,False,False,bull,0.09636568652962096,-0.19490445859872607,2026-04-09,011930,신성이엔지,0.9108635097493036,0.958217270194986,0.8607242339832869,2026-04-10,32000.0,0.012658227848101333,0.3381875000000001,0.05955120045199891,0.2786362995480012,2026-04-16,42950.0,0.24443750000000009,0.10205543794204353,0.14238206205795656,2026-04-23,39950.0,,0.3311913303336216,,2026-05-11,39950.0,-0.39431249999999995,0.3156334451985323,-0.7099459451985323,2026-06-10,19510.0,-0.500875,0.23326106342280273,-0.7341360634228027,2026-07-08,16100.0,-0.021874999999999978,0.5531250000000001,rs_only
8960,298976,265250120165.2,0.2599838503932851,0.4161243026206837,1.0304651389653148,0.05062119694904754,False,False,bear,0.03099971895243403,-0.11060341032139842,2024-08-08,012450,한화에어로스페이스,0.9155844155844156,0.935064935064935,0.974025974025974,2024-08-09,306106.0,0.023848068072353623,0.010978471509869085,0.036168692471994834,-0.02519022096212575,2024-08-16,310691.0,-0.08719013675001475,0.037882047420747744,-0.1250721841707625,2024-08-23,280641.0,,-0.022588625781766125,,2024-09-06,295411.0,0.1428151555343573,0.007763879711726096,0.1350512758226312,2024-10-14,351047.0,0.3342194403245935,-0.027436728798192922,0.3616561691227864,2024-11-11,409637.0,-0.10150078730897139,0.056568639621568995,rs_only
8108,8530,18992040618.0,0.3395291189095342,0.16500079581845295,0.8986968295533169,0.27923838827722625,False,True,mixed,0.26389094680693437,0.09922680412371143,2021-02-25,013000,세우글로벌,0.9696312364425163,0.7722342733188721,0.9436008676789588,2021-02-26,8370.0,-0.01875732708089095,-0.12466905615292712,-0.020466161081602374,-0.10420289507132474,2021-03-05,7360.0,-0.1856009557945042,-0.011361098433722017,-0.17423985736078218,2021-03-12,6850.0,,-0.0156919103152946,,2021-03-26,4940.0,,0.03127053332427043,,2021-04-23,4940.0,,0.026486572217421234,,2021-05-25,4940.0,-0.40979689366786143,0.056152927120669105,rs_only
1057,2566,2000188400.0,0.813369842575637,1.0963062780940818,0.7507086370408788,0.6679517576849257,False,True,bear,0.5325807800274742,0.09237973605789707,2000-04-28,016580,환인제약,1.0,0.98,0.92,2000-05-02,2604.0,0.014809041309431059,,0.039753471083415315,0.475831782372806,2000-05-09,3957.0,,-0.0062588826937793884,0.3989562713266518,2000-05-17,3637.0,,0.00016398819285012856,-0.24187520171051524,2000-05-31,1985.0,,0.1190827593746584,-0.3965082586066092,2000-06-29,1892.0,,-0.05344648518639994,-0.2900312413881009,2000-07-28,1720.0,-0.3771121351766513,1.0042242703533026,rs_only
4914,9667,7190981158.15,0.15531352297597767,0.3012348440836683,0.5105750665999218,0.026006608321341274,False,False,bear,0.04200575598503886,-0.0423023578363384,2016-01-06,018880,한온시스템,0.8455284552845529,0.8658536585365854,0.8943089430894309,2016-01-07,9518.0,-0.01541326161166856,-0.004,0.0002975398155253828,-0.004297539815525383,2016-01-13,9518.0,-0.027429291868039548,-0.036675697261067675,0.009246405393028127,2016-01-20,9295.0,,-0.013070871896059377,,2016-02-03,9760.0,-0.05863332632906071,0.015874010158113627,-0.07450733648717434,2016-03-08,8998.0,-0.1279756251313301,0.02454964477922017,-0.15252526991055027,2016-04-05,8338.0,-0.04391678924143727,0.05473839041815509,rs_only
337,180668,2384449200.0,0.23224063024406183,0.5005157549870931,0.32490838533468125,0.16534090971418558,False,True,mixed,0.23022783674089164,0.02607381997648761,1998-01-22,025560,미래산업,0.6764705882352942,0.9411764705882353,0.8529411764705882,1998-01-23,181152.0,0.0026789470188410824,0.34158823529411775,0.1735578215814837,0.16803041371263405,1998-01-31,243756.0,0.18901470588235303,0.11785633027902453,0.0711583756033285,1998-02-06,216117.0,,0.008811301631952428,,1998-02-18,234184.0,0.6132992845786964,0.10898297722712869,0.5043163073515677,1998-03-13,292977.0,0.32703691927221334,-0.09835150061017228,0.4253884198823856,1998-04-06,241120.0,-0.02314630807277862,0.5650006624271331,rs_only
7379,8760,14978315677.75,0.947697557822109,1.7197439402058496,1.3419264364366494,0.22553430143681252,False,False,bull,0.31135761440696985,-0.11425682507583412,2026-06-15,025560,미래산업,0.9971988795518207,0.9915966386554622,0.9719887955182073,2026-06-16,9070.0,0.035388127853881235,0.042306504961411306,0.0480650372849003,-0.005758532323488996,2026-06-22,9490.0,0.019153252480705655,-0.03471491568495544,0.05386816816566109,2026-06-29,9280.0,,-0.21728386544089318,,2026-07-13,8350.0,-0.17930319735391398,-0.27033938745824493,0.09103619010433095,2026-08-11,7480.0,-0.3314531422271224,-0.18914512076628076,-0.14230802146084165,2026-09-09,6100.0,-0.16207276736493936,0.47739801543550175,rs_only
5680,286486,21565208985.0,0.09605684857977326,0.339206593136244,0.08881357715675287,0.13573182354419489,False,True,bull,0.15546806103992772,0.06486516624231053,2017-11-13,025620,차AI헬스케어,0.7410358565737052,0.952191235059761,0.7689243027888446,2017-11-14,292871.0,0.02228730199730533,-0.10589127636399642,-0.0019269116108270312,-0.10396436475316939,2017-11-20,263030.0,,-0.00976881009259456,,2017-11-27,269430.0,,-0.0241100866715368,,2017-12-11,269430.0,-0.28049374639346336,-0.01762650293182777,-0.2628672434616356,2018-01-11,211894.0,-0.11998280471606959,-0.04932972695504545,-0.07065307776102414,2018-02-08,258903.0,-0.1419976713296981,0.024256413233129992,rs_only
3689,8900,8252321347.0,0.7762677111760683,0.755420222648423,0.715282327060152,0.701021262404818,False,True,bull,0.6000862967890404,0.07957302280446377,2015-11-04,027740,마니커,0.9962406015037594,0.9849624060150376,0.9473684210526315,2015-11-05,8900.0,0.0,,-0.025389157273215335,,2015-11-11,10918.0,,-0.04217049724296107,,2015-11-18,10272.0,,-0.01952373981359501,,2015-12-02,12038.0,,-0.06369979993168406,,2016-01-04,9678.0,,-0.060742692626750694,,2016-02-01,9334.0,-0.14067415730337074,0.821123595505618,rs_only
4699,11750,2828837997.5,0.5539774150086776,0.5901707191449959,0.4987053430826278,0.5535334544657806,False,False,bear,0.4098026276321316,-0.02892561983471076,2015-07-09,030720,동원수산,0.9832775919732442,0.9264214046822743,0.7023411371237458,2015-07-10,,,,0.02503817093706573,,2015-07-16,12500.0,,0.01383481680404941,,2015-07-23,15900.0,,-0.011586290864995186,,2015-08-06,13100.0,,-0.07405898207561534,,2015-09-04,12600.0,,-0.022701274982939723,,2015-10-06,12400.0,,,rs_only
3491,16700,5854091360.0,0.24862724123378288,0.44155604597528186,0.2276003047232098,0.17432951188804613,False,True,bull,0.20035938903863437,0.047021943573667624,2020-07-22,032350,롯데관광개발,0.8888888888888888,0.868421052631579,0.7251461988304093,2020-07-23,16700.0,0.0,-0.0279520958083832,0.01612758391551883,-0.04407967972390203,2020-07-29,16300.0,-0.03394011976047906,0.03799321132881972,-0.07193333108929878,2020-08-05,16200.0,,0.021093371167902886,,2020-08-20,18900.0,-0.07286227544910184,0.08033709883084006,-0.1531993742799419,2020-09-17,15550.0,-0.07585628742514972,0.0644833964907241,-0.14033968391587381,2020-10-21,15500.0,-0.05688622754491013,0.17664670658682624,rs_only
2658,92758,51922341696.1,0.028752184913995005,0.1166140867808434,0.33745134124373566,0.022128448857915872,False,True,bear,0.042606031756558194,-0.0865330641587474,2013-07-09,035420,NAVER,0.5661375661375662,0.6931216931216931,0.8306878306878307,2013-07-10,93072.0,0.0033851527631039158,-0.017494928657383554,0.01656916892708904,-0.0340640975844726,2013-07-16,91816.0,-0.047847773766546364,0.037152630260248065,-0.08500040402679443,2013-07-23,88991.0,,0.03849799013039634,,2013-08-06,92130.0,-0.06360976448341071,0.05288299181890466,-0.11649275630231537,2013-09-04,87524.0,0.2268965102286402,0.09086353584539797,0.13603297438324224,2013-10-08,114562.0,-0.08600868145091967,0.021918514698298086,rs_only
2981,65912,8149894540.0,0.147941648161248,0.2762378067475527,0.2172766182583521,0.05031511588697124,False,False,bear,0.10976694927739383,-0.03458175266943009,2014-02-17,044820,코스맥스비티아이,0.9086021505376344,0.9516129032258065,0.8494623655913979,2014-02-18,65604.0,-0.004672897196261627,-0.04155868544600938,0.001114603879026843,-0.04267328932503622,2014-02-24,63140.0,,0.00914797008546997,,2014-03-03,61600.0,,-0.009938979289940919,,2014-03-17,61600.0,-0.35160075605146024,0.02575402695594997,-0.3773547830074102,2014-04-14,42800.0,-0.3378820803609536,0.032523833004602265,-0.37040591336555584,2014-05-15,43700.0,-0.0641729162855923,0.014084507042253502,rs_only
3900,20675,12715906234.5,0.16741973132637133,0.1186463344365144,3.571046421846928,0.15616597467477256,False,False,bear,0.14411410705145045,-0.40435033131662346,2018-08-13,069460,대호에이엘,0.9637096774193549,0.8064516129032258,0.9959677419354839,2018-08-14,21255.0,0.02805320435308345,0.11620701011526702,0.008978336429822154,0.10722867368544486,2018-08-21,23810.0,-0.07857068924958832,0.02367258407189765,-0.10224327332148597,2018-08-28,19670.0,,0.014818699830211557,,2018-09-11,20950.0,,-0.04655400780493024,,2018-10-16,20950.0,,-0.07939605130985927,,2018-11-13,20950.0,-0.10891554928252178,0.2001881910138792,rs_only
4462,2605,3711155220.0,0.30676627580949656,0.4132246338125669,0.3477215087161063,0.19231584425682668,False,False,mixed,0.20657711903659104,-0.0795053003533569,2021-03-04,071090,하이스틸,0.9512195121951219,0.9068736141906873,0.8093126385809313,2021-03-05,2575.0,-0.01151631477927062,-0.0758446601941748,-0.00739750210792578,-0.06844715808624902,2021-03-11,2390.0,0.019300970873786353,0.009831497681281665,0.009469473192504688,2021-03-18,2635.0,,0.01687658094435074,,2021-04-01,2865.0,0.22706796116504857,0.04542250737774034,0.18164545378730823,2021-04-29,3170.0,0.43483495145631057,0.055254005059022004,0.37958094639728857,2021-05-31,3705.0,-0.08737864077669899,0.15533980582524265,rs_only
1398,16542,2352188260.5,0.03300435029158,0.2603068664959203,0.34864379286342717,0.08529007351588991,False,True,bull,0.08808903623016828,-0.07509085826111261,2010-09-30,073240,금호타이어,0.5240641711229946,0.8342245989304813,0.7165775401069518,2010-10-01,16541.0,-6.045218232375582e-05,0.17658158515204647,0.015199824822820007,0.16138176032922646,2010-10-07,19528.0,,0.014617681145487893,,2010-10-14,21200.0,,0.0189490437355464,,2010-10-28,21200.0,-0.02159264857021947,0.029529104513482674,-0.05112175308370215,2010-11-25,16250.0,-0.11832198778792091,0.08819743749966613,-0.20651942528758704,2010-12-23,14650.0,-0.014388489208633115,0.30868750377848975,rs_only
4718,8020,3403552879.0,0.03596103915369775,0.525409936300977,0.44589322257644737,0.04121072817161253,True,False,mixed,0.035740806508894885,-0.09887640449438206,2023-08-30,077500,유니퀘스트,0.5527950310559007,0.9254658385093167,0.8540372670807453,2023-08-31,8110.0,0.01122194513715713,0.01881134401972884,-0.000432841349996993,0.019244185369725834,2023-09-06,8295.0,0.006480887792848392,-0.011600928074245953,0.018081815867094345,2023-09-13,8195.0,,-0.038752948975413704,,2023-09-27,9200.0,-0.38254500616522813,-0.1025132094601181,-0.28003179670511,2023-11-01,5040.0,-0.349252774352651,-0.017407241318801225,-0.3318455330338498,2023-11-29,5310.0,-0.03205918618988901,0.17755856966707761,rs_only
1812,3752,3776121648.0,0.2136453596813035,0.714955235425657,0.5558111761884361,0.057990572030108156,False,True,bull,0.121540025109105,0.0034768654720513936,2018-05-11,082740,한화엔진,0.7543352601156069,0.9248554913294798,0.8179190751445087,2018-05-14,3739.0,-0.0034648187633262717,0.040396897566194134,-0.00898923466654844,0.049386132232742574,2018-05-18,3905.0,0.03585022733351173,-0.0016150013894649096,0.03746522872297664,2018-05-28,3888.0,,-0.005694792929435311,,2018-06-12,3911.0,-0.15002834982615676,-0.08149514492724441,-0.06853320489891235,2018-07-11,3193.0,-0.2142166354640278,-0.07310599805877638,-0.14111063740525143,2018-08-08,2953.0,-0.04814121422840334,0.0778282963359187,rs_only
2015,5600,2062489656.9,0.610140899644921,0.6040468912414252,0.7068672450021717,0.26264046934624075,False,False,mixed,0.37238083568190183,-0.1515151515151515,2013-08-28,084680,이월드,1.0,0.9746192893401016,0.9593908629441624,2013-08-29,5600.0,0.0,,0.021669846672621507,,2013-09-04,6850.0,,0.059100542803232514,,2013-09-11,6425.0,,0.055458951496540676,,2013-09-30,5175.0,,0.08855567829262756,,2013-10-30,4525.0,,0.07229272263124797,,2013-11-27,4010.0,-0.0848214285714286,0.2946428571428572,rs_only
1916,4417,2398148022.25,0.7282344407896089,1.2366219853371647,1.2443206219249257,0.5930019566795193,False,True,bull,0.5637612405296326,0.15056004167752013,2015-04-21,096760,JW홀딩스,0.9806451612903225,0.9612903225806452,0.9419354838709677,2015-04-22,4415.0,-0.00045279601539505165,-0.04635560588901477,0.0005031235587606986,-0.04685872944777547,2015-04-28,4228.0,0.116498301245753,-0.02589688762176301,0.142395188867516,2015-05-07,4947.0,,-0.011078035395674202,,2015-05-21,7340.0,0.49520724801812,-0.046413148295669004,0.541620396313789,2015-06-19,6619.0,0.6449241223103057,-0.03251668926064133,0.677440811570947,2015-07-17,7280.0,-0.1576443941109853,0.7044167610419025,rs_only
715,393260,8447334875.25,0.45191997221254576,1.1411277614996211,0.9179040517006098,0.010942382295237696,False,False,mixed,0.1435966034663254,-0.2991516966067864,2018-02-12,145210,다이나믹디자인,0.9807692307692307,0.9903846153846154,0.9615384615384616,2018-02-13,383840.0,-0.023953618471240445,0.12860733639016253,0.011136589689915155,0.11747074670024737,2018-02-21,434740.0,-0.05344768653605669,0.010183570617048776,-0.06363125715310547,2018-02-28,364860.0,,0.03724265363791113,,2018-03-15,258490.0,,0.016571711563991842,,2018-04-12,258490.0,,0.030471640399685418,,2018-05-14,258490.0,-0.3629897874114214,0.3380575239683201,rs_only
962,11750,2388029405.0,0.10793898891798248,0.45314794633926736,1.2383993002176743,0.14490993057520218,False,False,bull,0.12975337724147873,-0.04081632653061229,2016-08-12,161000,애경케미칼,0.8333333333333334,0.9734848484848485,0.9734848484848485,2016-08-16,,,,-0.006731517509727558,,2016-08-22,11750.0,,-0.011502918287937813,,2016-08-29,11750.0,,-0.03138132295719842,,2016-09-12,8540.0,,-0.016215953307393005,,2016-10-14,10350.0,,-0.03481031128404666,,2016-11-11,10700.0,,,rs_only
2047,15600,2888402775.0,0.13845191481928398,0.41371815001757306,0.19527774196861625,0.04302945980895956,False,False,mixed,0.0831452872765146,-0.03703703703703709,2022-03-07,183190,아세아시멘트,0.7377521613832853,0.9481268011527377,0.7723342939481268,2022-03-08,15350.0,-0.01602564102564108,-0.0268013029315961,0.0016046887476932614,-0.028405991679289363,2022-03-15,15000.0,0.015543973941368087,0.03540631101160341,-0.019862337070235322,2022-03-22,15650.0,,0.05420409348458155,,2022-04-05,17250.0,-0.04634527687296419,0.024120000152827448,-0.07046527702579164,2022-05-03,14700.0,-0.21246905537459282,0.01591698410211917,-0.228386039476712,2022-06-02,12150.0,-0.039087947882736174,0.14332247557003264,rs_only
762,23800,7184925950.0,0.22138219679228177,0.47111724076070816,0.9112209754537068,0.01222382291229862,False,False,bear,0.09513401587484194,-0.016528925619834656,2021-09-07,300720,한일시멘트,0.910025706940874,0.9460154241645244,0.9434447300771208,2021-09-08,,,,-0.009409388625681858,,2021-09-14,20100.0,,-0.016830568086726228,,2021-09-24,18050.0,,-0.08253584753707432,,2021-10-12,15950.0,,-0.06803953767845117,,2021-11-09,19100.0,,-0.05883463259027166,,2021-12-07,21000.0,,,rs_only
7023,20850,2562040725.0,0.2064278044453558,0.2811206636741461,0.1567364976849388,0.07338305023706537,False,True,bull,0.1370143149284253,0.03990024937655856,2016-10-10,000050,경방,0.9346153846153846,0.926923076923077,0.75,2016-10-11,,,,-0.012506757447803274,,2016-10-17,20850.0,,-0.0027029791213125653,,2016-10-24,20850.0,,-0.02713206609879759,,2016-11-07,16750.0,,-0.043798002230566624,,2016-12-05,17200.0,,-0.0045390568307447365,,2017-01-03,14900.0,,,rs_trigger
8678,11030,2977525247.0,0.19658634558025234,0.2317070075439931,0.2448268644421232,0.23136113713068074,False,True,bull,0.2105580859353564,-0.2883870967741935,2023-06-16,000480,CR홀딩스,0.9053254437869822,0.8047337278106509,0.772189349112426,2023-06-19,11100.0,0.006346328195829587,0.23563963963963963,-0.01831890789363122,0.25395854753327085,2023-06-23,13760.0,,-0.02054192799248289,,2023-06-30,21200.0,,0.003911293094887247,,2023-07-14,21200.0,-0.1265225225225225,-0.010236587396774577,-0.11628593512574792,2023-08-11,9740.0,-0.2958918918918919,-0.02336844839308494,-0.27252344349880697,2023-09-11,7860.0,-0.05405405405405406,0.9189189189189189,rs_trigger
6129,85162,8144753725.0,0.04644279185105804,0.05095373313666696,0.3085883214016797,0.06547368345001225,False,True,mixed,0.018420468861831907,-0.046509024139012034,2013-02-05,000640,동아쏘시오홀딩스,0.6683168316831684,0.6336633663366337,0.806930693069307,2013-02-06,86201.0,0.012200277118902703,-0.004,0.016847370235626435,-0.020847370235626436,2013-02-13,86201.0,-0.008013874549019136,0.041840552042113455,-0.049854426591132595,2013-02-20,85855.0,,0.031425439837804214,,2013-03-07,85855.0,,0.008295039957187056,,2013-04-04,85855.0,0.38051990116123946,0.011516314779270731,0.36900358638196873,2013-05-03,119347.0,-0.02410644888110347,0.040150346283685856,rs_trigger
8666,6384,2129696575.0,0.11143174594696914,0.32017384440042695,0.6802506404163429,0.0369153847557524,False,True,bull,0.04811236342442471,0.0,2023-05-30,001080,만호제강,0.8712574850299402,0.8832335329341318,0.9461077844311377,2023-05-31,6480.0,0.015037593984962516,-0.03501851851851856,0.011434515454190386,-0.046453033972708946,2023-06-07,6279.0,-0.32946296296296296,0.012780207499526242,-0.3422431704624892,2023-06-14,4371.0,,-0.008445377663832243,,2023-06-28,4371.0,-0.48856790123456795,0.0024477674272920247,-0.49101566866185997,2023-07-26,3340.0,-0.38470987654320987,-0.018696612181606675,-0.3660132643616032,2023-08-24,4013.0,-0.32546296296296295,0.001388888888888884,rs_trigger
9415,5490,2292137567.15,0.8274960091566625,-0.241057722760891,0.007374023610826619,1.4580643010174437,False,True,bull,0.9454287739192062,0.05780346820809257,2026-06-29,001210,금호전기,0.9969512195121951,0.899390243902439,0.9115853658536586,2026-06-30,5965.0,0.08652094717668479,-0.19679128248113997,-0.043410125108415465,-0.1533811573727245,2026-07-06,4815.0,-0.15320368818105612,-0.19125904451863562,0.038055356337579505,2026-07-13,5075.0,,-0.2843204581367995,,2026-07-28,4470.0,0.41259681475272414,-0.19110696591300635,0.6037037806657305,2026-08-26,8450.0,0.6657401508801342,-0.1587059061152234,0.8244460569953576,2026-09-23,9960.0,-0.4375523889354568,0.3646269907795474,rs_trigger
8695,9918,54937554206.5,0.06768359730897666,0.5991704073338324,0.8235270422863601,0.108602539898774,False,True,mixed,0.045452628915967574,-0.39587013461655596,2023-07-11,001340,PKC,0.6962750716332379,0.9484240687679083,0.9169054441260746,2023-07-12,9696.0,-0.02238354506957052,,0.01955341119248044,,2023-07-18,9090.0,,0.03082956353783417,,2023-07-25,9090.0,,0.0064005067230734625,,2023-08-08,9090.0,,0.0022403728480886453,,2023-09-06,9090.0,,-0.04204315747905274,,2023-10-11,9090.0,-0.1167491749174917,0.02289603960396036,rs_trigger
3044,22949,2064940742.5,1.254422314139349,0.8685054062036184,1.254145808447221,0.7697701180678638,False,True,bear,0.7133663329376367,0.14940398677752187,2000-08-23,001380,SG글로벌,0.9863013698630136,0.958904109589041,0.9863013698630136,2000-08-24,24494.0,0.06732319491045358,-0.03760006532211968,-0.005106418311145666,-0.032493647010974014,2000-08-30,23671.0,0.01702555727933364,-0.06356037751515309,0.08058593479448672,2000-09-06,25009.0,,-0.1909579031856301,,2000-09-25,23156.0,-0.4330438474728505,-0.24573081287537024,-0.18731303459748028,2000-10-24,13985.0,-0.6409723197517759,-0.26455121640696344,-0.3764211033448125,2000-11-21,8892.0,-0.21013309381889445,0.42014370866334616,rs_trigger
6787,6531,2812714840.0,1.349303315985071,0.9435133423113508,0.5637422374625632,0.9187542104586126,False,True,mixed,0.881969858513673,0.15592920353982298,2015-10-08,001380,SG글로벌,1.0,0.988929889298893,0.8966789667896679,2015-10-12,6531.0,0.0,,0.003921219583352009,,2015-10-16,9607.0,,0.008935238066982265,,2015-10-23,7984.0,,0.009266539091048465,,2015-11-06,6040.0,,-0.02370038519925033,,2015-12-04,6251.0,,-0.04791502870451403,,2016-01-06,5149.0,-0.07671107028020208,0.9326290001531159,rs_trigger
9347,4364,211923742931.3,0.7478835557579768,1.9287657266227602,1.430952115789217,0.1701422394923069,False,True,bull,0.19682966294600002,-0.07640211640211636,2026-03-19,001510,SK증권,0.9873737373737373,0.9949494949494949,0.9848484848484849,2026-03-20,4474.0,0.025206232813932195,-0.06881895395619131,-0.060703381010948965,-0.008115572945242344,2026-03-26,4184.0,-0.14838980777827449,-0.09964994366415236,-0.04873986411412212,2026-04-02,3828.0,,0.07099176894561654,,2026-04-16,3730.0,-0.10771032632990618,0.2928930823019429,-0.40060340863184907,2026-05-18,4010.0,-0.2976969155118462,0.5248075550242113,-0.8225044705360575,2026-06-17,3160.0,-0.1767992847563702,0.26419311578006255,rs_trigger
9012,35045,3839363010.0,0.06878184526430742,0.36770337148395416,0.5326187396779536,0.03174719653798608,False,True,bear,0.006265289949119568,-0.04828503924177818,2024-10-30,001530,DI동일,0.752851711026616,0.9391634980988594,0.9391634980988594,2024-10-31,35045.0,0.0,-0.0013748038236553982,-0.004554915270032933,0.003180111446377535,2024-11-06,35137.0,0.06103067484662583,-0.061415635047607164,0.122446309894233,2024-11-13,37324.0,,-0.028028455600254687,,2024-11-27,38737.0,0.3276307604508488,-0.05652677032043607,0.3841575307712849,2024-12-26,46667.0,0.3466634327293481,-0.022471691958807716,0.3691351246881558,2025-01-31,47334.0,-0.03250107005278924,0.10794692538165207,rs_trigger
2967,8230,2483822125.0,0.312072199319551,0.4722465643302721,0.18100563300151162,0.24662082328561308,False,True,bear,0.21737458305290325,-0.08219025315044048,2000-04-28,001630,종근당홀딩스,0.95,0.92,0.75,2000-05-02,8619.0,0.0472660996354799,,0.039753471083415315,-0.20282064825014,2000-05-09,7248.0,,-0.0062588826937793884,-0.29557149205967226,2000-05-17,6052.0,,0.00016398819285012856,-0.37613289409840767,2000-05-31,5413.0,,0.1190827593746584,-0.466510071127762,2000-06-29,5659.0,,-0.05344648518639994,-0.41278811279480443,2000-07-28,4635.0,-0.5153730131105696,0.07843137254901955,rs_trigger
6309,56000,11077874240.0,0.14590436124193684,0.1369074207040195,0.21732555552766764,0.10954882175532021,False,True,bull,0.13138284278122203,0.03911526757218131,2013-10-30,001630,종근당홀딩스,0.9732620320855615,0.8823529411764706,0.8181818181818182,2013-10-31,,,,-0.018181729531536406,,2013-11-06,56000.0,,-0.04261419042789727,,2013-11-13,56000.0,,-0.010799820571829821,,2013-11-27,56000.0,,-0.0251882045481141,,2013-12-26,42400.0,,-0.06856301439325985,,2014-01-27,43900.0,,,rs_trigger
6284,95177,2484885410.0,0.00914523068113926,0.09342720815524519,0.16109308323783011,0.013125475169620149,False,True,bull,0.04873036598736147,-0.004466340320488649,2013-09-23,002030,아세아,0.5948717948717949,0.6461538461538462,0.764102564102564,2013-09-24,94963.0,-0.002248442375784032,,-0.002273283670828463,,2013-09-30,103500.0,,0.000624528480996922,,2013-10-08,103500.0,,0.017107084151465557,,2013-10-23,103500.0,0.201732759074587,0.007859066404864334,0.19387369266972265,2013-11-20,114500.0,0.24911963606878462,-0.013429860455356102,0.2625494965241407,2013-12-18,119000.0,-0.016848667375714776,0.08989817086654806,rs_trigger
7181,56294,9151402975.0,0.11273099686712373,0.030341972598438405,0.2751010899811126,0.14652615113120548,False,True,bull,0.16567859871740986,0.04099709673243712,2017-05-17,002620,제일파마홀딩스,0.8565737051792829,0.6454183266932271,0.896414342629482,2017-05-18,55878.0,-0.007389775109247876,-0.11057145925051004,0.020283805976392122,-0.13085526522690216,2017-05-24,49923.0,,0.03350988653924891,,2017-05-31,47500.0,,0.03979271508891502,,2017-06-15,47500.0,,0.060855820752266254,,2017-07-13,47500.0,-0.2085169834281828,0.038832899655258935,-0.24734988308344175,2017-08-10,44450.0,-0.19454883854110738,0.029743369483517634,rs_trigger
6661,3466,5608171854.5,0.7589203822230248,0.7562022624613667,0.589089727690264,0.38455163919785207,False,True,bull,0.4984220310405949,0.0005773672055426893,2015-04-07,002720,국제약품,0.9750889679715302,0.9430604982206405,0.8256227758007118,2015-04-08,,,,0.03073581452104923,,2015-04-14,3463.0,,0.04687736424649169,,2015-04-21,3754.0,,0.020622330689444857,,2015-05-07,3088.0,,0.009444783404514823,,2015-06-05,3463.0,,0.027167785234899267,,2015-07-03,4251.0,,,rs_trigger
6733,51200,3560624262.75,0.7637458614912258,0.6739660210433919,1.8178626376676403,0.7323065329435594,False,True,mixed,0.6156006437158814,0.039593908629441676,2015-07-21,002780,진흥기업,0.99375,0.8875,0.940625,2015-07-22,51200.0,0.0,,-0.015431711297596462,,2015-07-28,40010.0,,-0.020796114067192617,,2015-08-04,39170.0,,-0.06358096819985892,,2015-08-19,29140.0,,-0.046164765868685564,,2015-09-16,32660.0,,-0.0196952285303178,,2015-10-19,34740.0,-0.4486328125,0.0,rs_trigger
6652,140675,19271126688.0,0.03465014538790667,0.3074663623981695,0.23678599745380202,0.0861808858768176,False,True,bull,0.09816978208345861,-0.01121802756710788,2015-03-25,002790,아모레퍼시픽홀딩스,0.5538461538461539,0.8038461538461539,0.7076923076923077,2015-03-26,142271.0,0.0113452994490848,0.01774722888009506,0.0006166140489345384,0.01713061483116052,2015-04-01,145365.0,-0.0018913482016713577,0.015814917127071837,-0.017706265328743195,2015-04-08,142571.0,,0.05756215469613246,,2015-04-22,162625.0,0.3249004786639582,0.05865232833464873,0.2662481503293095,2015-05-22,189064.0,0.3073705533805202,0.013792423046566693,0.2935781303339535,2015-06-22,186570.0,-0.04207463221598218,0.17391457148681044,rs_trigger
2720,7751,2082188325.0,0.7529385225772363,1.358325069033441,4.54162167688707,0.43478288968139167,False,True,bull,0.5681712424383434,0.035399412236174266,1999-05-04,002810,삼영무역,0.9880239520958084,0.9940119760479041,0.9820359281437125,1999-05-06,7749.0,-0.00025803122177781024,,-0.003287438118811825,,1999-05-12,6081.0,,-0.05247009075907583,,1999-05-19,4954.0,,-0.0008766501650164793,,1999-06-02,4091.0,,0.1383560231023102,,1999-06-30,3257.0,,0.2175897277227723,,1999-07-28,3516.0,-0.5102593883081687,0.08259130210349719,rs_trigger
6719,19215,29467974099.35,0.6600144912958483,0.6962760549746954,1.5888454664313123,0.5739776082044052,False,True,mixed,0.7649328103902784,0.16447488031028423,2015-07-01,003060,에이프로젠바이오로직스,0.9864864864864865,0.9087837837837838,0.9290540540540541,2015-07-02,19727.0,0.02664584959666927,0.5285188827495311,-0.043139655737004734,0.5716585384865358,2015-07-08,30232.0,2.5571091397576926,-0.016230761564417717,2.57333990132211,2015-07-15,70250.0,,-0.032978819330742204,,2015-07-29,44564.0,0.6005521366654838,-0.0944943548272279,0.6950464914927117,2015-08-27,31653.0,0.09231469559486993,-0.0759381332725867,0.16825282886745663,2015-09-24,21627.0,-0.026613271151214035,3.446241192274548,rs_trigger
2299,338903,2673698250.0,0.21427627930858373,0.31708066683045266,0.27986345488657915,0.23588032231573242,False,True,bear,-0.01313344973344066,-0.12484021825863079,1997-10-31,003240,태광산업,0.8666666666666667,0.8,0.8666666666666667,1997-11-01,337906.0,-0.002941844716629838,,0.17258388906531175,,1997-11-06,318967.0,,0.09556472954377049,,1997-11-12,300029.0,,-0.04596168095691766,,1997-11-24,313983.0,,-0.11402561659786181,,1997-12-17,318967.0,,0.04987826823330166,,1998-01-17,310000.0,-0.14454019756973835,0.0,rs_trigger
6611,2650,2036269984.5,0.657439121407871,0.49119732011733364,0.43148302212468304,0.3768426195368706,False,True,bear,0.3951039747301921,0.011450381679389388,2015-01-22,003350,한국화장품제조,0.9903846153846154,0.9423076923076923,0.8798076923076923,2015-01-23,2650.0,0.0,,0.002909487190031701,,2015-01-29,2710.0,,0.0038450466751656087,,2015-02-05,2900.0,,0.015811983386108563,,2015-02-24,3810.0,,0.04935333305917666,,2015-03-24,5320.0,,0.10251572973639855,,2015-04-21,10580.0,-0.07169811320754715,1.1849056603773587,rs_trigger
4751,50447,64184296340.0,0.2886088523484067,0.6767654978098916,1.3916554807442125,0.17989833909237052,False,True,bull,0.1695834574664783,0.06741287742536128,2007-07-25,003480,한진중공업홀딩스,0.8647342995169082,0.8840579710144928,0.8792270531400966,2007-07-26,52612.0,0.042916328027434725,,-0.07732947655116196,,2007-08-01,46900.0,,-0.05398998031848268,,2007-08-08,46900.0,,-0.10552474105882581,,2007-08-23,46900.0,-0.28173131604957047,-0.051226615773046213,-0.23050470027652425,2007-09-20,38000.0,0.009076864593628779,-0.03910459036599678,0.04818145495962556,2007-10-24,53300.0,-0.13143389340834788,0.0045807040218961426,rs_trigger
3982,11610,41542004890.0,0.10870510747905826,0.43826742750789616,1.033338017891338,0.052206594633062986,False,True,bear,0.05854356804857819,-0.12244897959183676,2004-06-24,003550,LG,0.8604651162790697,0.9302325581395349,0.9534883720930233,2004-06-25,11611.0,8.613264427226319e-05,,0.01967183035831299,,2004-07-01,11714.0,,-0.02539907210820158,,2004-07-08,11714.0,,-0.026722759560693032,,2004-07-22,11714.0,0.10245077943329606,0.033432937537679175,0.06901784189561688,2004-08-19,12847.0,0.28960089570235126,0.12104531991297729,0.16855557578937397,2004-09-16,15020.0,-0.0059426405994316145,0.059254155542158404,rs_trigger
8149,117138,60601419342.1,0.3461192871319505,0.1734707447200674,0.4097136610689547,0.0909680680331717,False,True,bull,0.23186778806338215,0.06896268513702197,2021-04-26,003550,LG,0.9308943089430894,0.6544715447154471,0.7764227642276422,2021-04-27,114776.0,-0.020164250712834453,,-0.02830687008669186,,2021-05-03,119500.0,,-0.0027561134760588635,,2021-05-11,119500.0,,-0.015495758630332923,,2021-05-26,119500.0,-0.09353091238586464,0.017987757511729763,-0.1115186698975944,2021-06-23,104500.0,-0.1606181083153273,-0.000742628095578568,-0.15987548021974873,2021-07-21,96800.0,-0.0452620756952673,0.04115843033386768,rs_trigger
5341,151872,15426283576.25,0.4086081296293189,0.10307775517828899,0.7487265136916392,0.38352891053016513,False,True,mixed,0.390219890217373,0.0012922281705740613,2009-12-07,003620,KG모빌리티,0.9931506849315068,0.7602739726027398,0.9863013698630136,2009-12-08,162098.0,0.06733301727770757,-0.12422356845858673,0.020842786887256493,-0.14506635534584322,2009-12-14,142610.0,-0.30400370146454614,0.008247587044236449,-0.3122512885087826,2009-12-21,113468.0,,0.032297428224530744,,2010-01-07,96487.0,,-0.008805602227155096,,2010-02-04,96487.0,-0.6264999691544622,0.017942334343075128,-0.6444423034975373,2010-03-08,61192.0,-0.4047798245505805,0.057138274377228626,rs_trigger
5671,3160,2223158817.5,0.116341990611039,0.33032801318306415,0.33963094582421727,0.02621884424924703,False,True,mixed,0.12335584784927134,0.03947368421052633,2011-04-05,003720,삼영,0.8704663212435233,0.8963730569948186,0.8393782383419689,2011-04-06,3180.0,0.006329113924050667,0.16738364779874204,-0.018660203933061892,0.18604385173180393,2011-04-12,3725.0,,-0.003029406377252797,,2011-04-19,3820.0,,0.033628759164541444,,2011-05-03,3820.0,0.6154968553459119,-0.007012253831377269,0.6225091091772892,2011-06-02,5150.0,0.5337358490566038,-0.0015921996308352337,0.535328048687439,2011-07-01,4890.0,-0.022012578616352196,0.2248427672955975,rs_trigger
3972,61009,10902380250.0,0.08571645787061644,2.3543486923403982,4.272659591776753,0.11897823175732869,False,True,bear,0.09375700304593271,-0.31619592019726517,2004-06-10,003960,사조대림,0.6559139784946236,1.0,1.0,2004-06-11,61009.0,0.0,,-0.025725492206726708,,2004-06-17,61009.0,,-0.0218288556193601,,2004-06-24,61009.0,,-0.046810910582444576,,2004-07-08,47247.0,,-0.04718262920426575,,2004-08-05,15917.0,,0.055975697292863114,,2004-09-02,35275.0,-0.47519218475962566,0.0,rs_trigger
8119,9812,6402096100.0,0.6872559879686285,0.8380882562595326,0.7051989433738277,0.10627044198265856,False,True,mixed,0.242387024070299,-0.1501818811709683,2021-03-15,004090,한국석유,0.9884526558891455,0.9815242494226328,0.9145496535796767,2021-03-16,9863.0,0.005197717081125264,0.400339450471459,-0.004515894176562618,0.40485534464802164,2021-03-22,13851.0,0.321560174389131,-0.004325682221413274,0.32588585661054426,2021-03-29,13074.0,,0.028321904218442162,,2021-04-12,14550.0,0.6993356990773598,0.0525378538188328,0.646797845258527,2021-05-11,16800.0,0.7398913109601541,0.054751527434794944,0.6851397835253592,2021-06-09,17200.0,-0.03143059920916558,0.9030720876001217,rs_trigger
3731,141000,6306192650.0,0.13981259864664608,0.4447304016589806,0.6037182903207081,0.1800361269192654,False,True,bull,0.16672838190909034,0.03930182504348845,2003-06-16,004370,농심,0.8942307692307693,0.8076923076923077,0.9519230769230769,2003-06-17,141000.0,0.0,,0.0012318926620755732,,2003-06-23,141000.0,,-0.005684516741866652,,2003-06-30,141000.0,,0.06877819995250545,,2003-07-14,141000.0,,0.040875089052481606,,2003-08-12,136500.0,,0.11851401092377101,,2003-09-15,140000.0,0.0,0.0,rs_trigger
7403,12385,12679399740.0,0.17708094312574707,0.20524501661674865,0.3469094932810266,0.0722441195562622,False,True,bear,0.05181806986925519,-0.08469440543936146,2018-04-12,005070,코스모신소재,0.8861209964412812,0.7864768683274022,0.7117437722419929,2018-04-13,12636.0,0.020266451352442427,,0.014974973667235547,,2018-04-19,13854.0,,0.01070457496060273,,2018-04-26,13854.0,,0.010896457120461278,,2018-05-14,13854.0,0.6052117758784425,-0.010590262184517196,0.6158020380629597,2018-06-14,20334.0,0.8103399810066476,-0.0671015995623454,0.877441580568993,2018-07-12,22926.0,-0.03402975625197846,0.18415637860082312,rs_trigger
2967,11000,4035204265.0,0.010384326761271101,0.5016885488927284,0.17611085438940477,0.12945737793275458,False,True,bear,-0.005110116221227368,-0.2642140468227425,2000-04-28,005680,삼영전자,0.59,0.94,0.74,2000-05-02,10900.0,-0.009090909090909038,,0.039753471083415315,0.03881533625603417,2000-05-09,11800.0,,-0.0062588826937793884,-0.07113561271906466,2000-05-17,10100.0,,0.00016398819285012856,-0.1509529790185382,2000-05-31,9300.0,,0.1190827593746584,-0.15978000708108042,2000-06-29,10500.0,,-0.05344648518639994,-0.1707370010521322,2000-07-28,8500.0,-0.310091743119266,0.12844036697247696,rs_trigger
5434,7398,3727886959.75,1.3571029745164274,1.3127168747114626,0.1516671991578451,0.9206399062419492,False,True,bull,0.8407106068522805,0.11870557991834274,2013-01-04,005880,대한해운,1.0,0.9947916666666666,0.71875,2013-01-07,7516.0,0.01595025682616913,0.10656412985630648,-0.007693263424695007,0.11425739328100148,2013-01-11,8347.0,0.3766546035125067,-0.012076634445742251,0.38873123795824893,2013-01-18,10377.0,,-0.027015878537882454,,2013-02-01,6364.0,,0.0022165345525928526,,2013-03-05,6364.0,,-0.012921501876102637,,2013-04-02,6364.0,-0.18281000532197977,0.5767695582756787,rs_trigger
8632,25850,143943354430.0,0.5883312557608122,1.54537549339959,1.125873219239568,0.0768315593695954,False,True,mixed,0.1865282001262265,-0.06846846846846844,2023-04-07,005950,이수화학,0.9640522875816994,0.9836601307189542,0.9640522875816994,2023-04-10,26150.0,0.011605415860735047,-0.13210707456978965,0.032030597829576735,-0.16413767239936639,2023-04-14,22800.0,-0.15218355640535375,0.02115841520580508,-0.17334197161115883,2023-04-21,22275.0,,0.00737654915558994,,2023-05-09,20750.0,0.09351434034416828,0.04782716881782578,0.045687171526342496,2023-06-08,28700.0,-0.0020879541108986786,0.025930296025171717,-0.028018250136070396,2023-07-06,26200.0,-0.22944550669216057,0.20458891013384317,rs_trigger
7310,51753,18318185395.0,0.0982352359864902,0.19685420436186285,0.09466865921981005,0.0458510846316742,False,True,bull,0.08066402171643339,0.032025844018585437,2017-11-24,006120,SK디스커버리,0.7083333333333334,0.8371212121212122,0.7272727272727273,2017-11-27,52247.0,0.009545340366742039,,-0.027244433616007924,,2017-12-01,52000.0,,-0.03172819227111601,,2017-12-08,52000.0,,-0.04094720875217106,,2017-12-22,52000.0,-0.05849116695695444,-0.0026486006428946274,-0.055842566314059816,2018-01-24,49400.0,-0.0805020001148391,-0.036632426102470084,-0.04386957401236902,2018-02-23,48250.0,-0.02601106283614374,0.02363772082607607,rs_trigger
3177,19329,3572533640.0,0.14504772625822393,0.15758163772062084,0.21306345887323008,0.04985559405368001,False,True,bear,0.06842295818673771,-0.010899600859686776,2024-11-22,007070,GS리테일,0.8884892086330936,0.762589928057554,0.7589928057553957,2024-11-25,19457.0,0.006622173935537212,,-0.02701942466849716,,2024-11-29,19800.0,,-0.03801339878214505,,2024-12-06,19800.0,,-0.047525662510746414,,2024-12-20,19800.0,-0.19041106028678623,0.009092313726422274,-0.1995033740132085,2025-01-22,15830.0,-0.18938315259289717,0.04206631248241943,-0.2314494650753166,2025-02-25,15850.0,-0.006578609240890154,0.032995836973839676,rs_trigger
5683,26462,2434253494.25,3.41944614174776,3.2557567568029153,2.427171100488488,2.7203766497479203,False,True,bull,1.954304406560159,0.299896841381343,2017-11-16,007460,에이프로젠,1.0,1.0,1.0,2017-11-17,,,,-0.0034956108481766224,,2017-11-23,31874.0,,-0.02736788358437592,,2017-11-30,30220.0,,-0.030074036252233927,,2017-12-14,35182.0,,-0.009548123563952182,,2018-01-16,46909.0,,-0.05925256770291243,,2018-02-13,38490.0,,,rs_trigger
6963,39150,4236943247.5,0.36851214148202294,0.5294844035230928,0.6641403763272377,0.13040509675342826,False,True,bear,0.2055761360591979,-0.04283409124248205,2016-06-28,007540,샘표,0.975,0.9464285714285714,0.9464285714285714,2016-06-29,,,,0.022370537067579077,,2016-07-05,39150.0,,0.02307957108579828,,2016-07-12,39150.0,,0.04163262789586453,,2016-07-26,39150.0,,0.050069105127138025,,2016-08-24,64000.0,,0.05179031089600317,,2016-09-26,52400.0,,,rs_trigger
8139,78500,16318116587.5,0.03489641918677622,0.5584893814272082,0.3382302794129677,0.14897766214557984,False,True,mixed,0.11209491765539226,0.0064102564102563875,2021-04-12,007700,F&F홀딩스,0.5258426966292135,0.9011235955056179,0.7460674157303371,2021-04-13,79000.0,0.006369426751592355,-0.019822784810126556,0.019319930788570527,-0.039142715598697086,2021-04-19,77750.0,0.12891139240506333,0.025275555173172037,0.10363583723189129,2021-04-26,89500.0,,0.022694465953521314,,2021-05-11,90000.0,-0.5255189873417722,0.024845373636563473,-0.5503643609783356,2021-06-09,37800.0,-0.5312151898734176,0.046883414430519244,-0.5780986043039369,2021-07-07,37350.0,-0.02848101265822789,0.14240506329113933,rs_trigger
7974,18769,7896040615.0,0.004571758737213161,0.16701207186731581,0.2279661029907889,0.1029384840217984,False,True,bull,0.10562295482727024,0.048313226094727435,2020-08-07,009410,태영건설,0.5068870523415978,0.7272727272727273,0.71900826446281,2020-08-10,19277.0,0.027065906548031426,-0.03035264823364636,0.022757782762370837,-0.0531104309960172,2020-08-14,18769.0,0.032987083052342214,-0.010233992659053892,0.043221075711396106,2020-08-24,19990.0,,0.012872145187601935,,2020-09-07,21974.0,0.05145468693261401,0.016160277324632988,0.035294409607981025,2020-10-08,20346.0,0.03770773460600707,0.026585440456770026,0.011122294149237044,2020-11-06,20081.0,-0.06069409140426418,0.16361467033252053,rs_trigger
4336,155339,39947681425.0,0.18375426728562294,0.08871437568760232,0.20239321266011956,0.08820074237944842,False,True,bull,0.1105701449598635,0.005886162015152463,2017-03-07,009540,HD한국조선해양,0.9519650655021834,0.6593886462882096,0.8296943231441049,2017-03-08,155792.0,0.0029162026278011233,-0.03606198007599881,0.01983969564157606,-0.05590167571757487,2017-03-14,150797.0,0.02224653383999176,0.04115625612373175,-0.01890972228373999,2017-03-21,159881.0,,0.03289728381136281,,2017-04-04,149889.0,,0.07120017970911974,,2017-05-04,149889.0,0.06534887542364176,0.13208142352564445,-0.06673254810200269,2017-06-05,166596.0,-0.04664552736982641,0.04956608811748997,rs_trigger
5224,20757,6938351263.0,0.10585855647512488,0.17875143693903262,0.5391121008395601,0.1526880033141833,False,True,mixed,0.1136924562721322,-0.009023202520767715,2009-06-24,009970,영원무역홀딩스,0.8688524590163934,0.6666666666666666,0.7213114754098361,2009-06-25,21135.0,0.018210724093077113,,0.03283630137988558,,2009-07-01,21800.0,,0.0470009804065028,,2009-07-08,21800.0,,0.09310935190740288,,2009-07-22,21800.0,-0.1996470309912467,0.13109644566060386,-0.33074347665185055,2009-08-19,17000.0,0.036927371658386665,0.2316027451382081,-0.19467537347982145,2009-09-16,22000.0,-0.04485450674237046,0.06732907499408558,rs_trigger
4366,77410,11101097225.0,0.2638210813306321,2.301401596575033,8.224664899796306,0.20055746764983917,False,True,bull,0.1818140181065937,-0.10915472696933082,2006-01-04,011000,진원생명과학,0.9349112426035503,1.0,1.0,2006-01-05,82800.0,0.06962924686732985,0.07915217391304341,-0.007984003529470374,0.08713617744251378,2006-01-11,89685.0,0.039357487922705214,-0.03728714660822163,0.07664463453092685,2006-01-18,86390.0,,-0.021966683507553375,,2006-02-02,117825.0,0.6543937198067633,-0.05433676555350775,0.7087304853602711,2006-03-03,137315.0,0.20179710144927543,-0.03252663113476739,0.23432373258404282,2006-03-31,99840.0,-0.08285024154589371,0.6287439613526571,rs_trigger
6597,23345,13831661137.25,0.05575162363262054,0.37543016299528187,1.2149152224359696,0.18107298580519826,False,True,bear,0.10685710899069512,-0.3716016150740242,2015-01-02,011000,진원생명과학,0.6884422110552764,0.9095477386934674,0.9949748743718593,2015-01-05,23165.0,-0.007710430499036192,-0.0788974746384632,0.0014256280047451053,-0.0803231026432083,2015-01-09,21430.0,,-0.017601823138879036,,2015-01-16,19525.0,,0.014204249828300153,,2015-01-30,19525.0,-0.31740384200302185,0.039714666278174215,-0.35711850828119607,2015-03-04,15905.0,-0.2867541549751781,0.05540698037420144,-0.34216113534937953,2015-04-01,16615.0,-0.15993956399740994,0.08482624649255333,rs_trigger
6386,11770,19853246395.3,0.19466193633787898,1.9088137734549235,1.7323352118963626,0.2643498473103043,False,True,mixed,0.20310743125830522,-0.14771904417089066,2021-02-25,011300,우성머티리얼스,0.9088937093275488,0.9978308026030369,0.9761388286334056,2021-02-26,11770.0,0.0,-0.47044010195412067,-0.020466161081602374,-0.4499739408725183,2021-03-05,6280.0,-0.48403398470688186,-0.011361098433722017,-0.47267288627315984,2021-03-12,6120.0,,-0.0156919103152946,,2021-03-26,7850.0,,0.03127053332427043,,2021-04-23,7850.0,,0.026486572217421234,,2021-05-25,7850.0,-0.5301614273576891,0.16057774001699232,rs_trigger
3166,164150,2215803497.5,0.5499788043187224,0.5530263912179549,0.6864882167267878,0.26219276701126004,False,True,mixed,0.20136273982427833,0.008416267354711904,2001-02-27,011330,유니켐,0.9705882352941176,0.8137254901960784,0.8529411764705882,2001-02-28,164150.0,0.0,,-0.005248058218459195,,2001-03-07,164150.0,,-0.04961164369183402,,2001-03-14,164150.0,,-0.07495976488699185,,2001-03-28,221610.0,,-0.017528514449653643,,2001-04-26,194520.0,,0.09178853824085098,,2001-05-25,241310.0,0.0,0.7000304599451721,rs_trigger
4144,955660,3749616552.0,0.8389243199835259,1.2387696001378867,0.6710478049125879,0.5365741036880003,False,True,bull,0.5519717947322993,0.0691503048609945,2005-02-16,011330,유니켐,0.9558823529411765,0.9411764705882353,0.7647058823529411,2005-02-17,1025210.0,0.07277692903333821,-0.2401760029652461,-0.004594511255010869,-0.23558149171023524,2005-02-23,783080.0,-0.13464640415134466,0.039079042039263934,-0.1737254461906086,2005-03-03,891270.0,,0.007349162298283529,,2005-03-17,795970.0,-0.2050027213936657,-0.026395312981806973,-0.17860740841185874,2005-04-15,819140.0,-0.1446931262863218,-0.045081714461918,-0.0996114118244038,2005-05-16,880970.0,-0.344222159362472,0.1306561582505048,rs_trigger
1171,21810,8080485425.0,0.15402082276107065,0.8784796797426959,1.1286260742078047,0.039407025702619114,False,True,bear,0.14353126228863555,-0.21345883371199825,2000-03-02,011690,와이투솔루션,0.6694915254237288,0.923728813559322,0.9152542372881356,2000-03-03,22615.0,0.03690967446125626,0.4638310855626797,-0.027720073421923175,0.4915511589846029,2000-03-09,33195.0,0.3442202078266636,-0.07538936701069443,0.41960957483735806,2000-03-16,30490.0,,-0.02182873347182368,,2000-03-30,28030.0,-0.18861198319699313,-0.17280531099899976,-0.015806672197993366,2000-05-02,18440.0,-0.4691779792173336,-0.18830305228564204,-0.2808749269316916,2000-06-01,12095.0,-0.021667035153659087,0.7372540349325669,rs_trigger
8515,21561,84580024814.5,0.47436176165483224,1.389119047131747,3.2467796668579654,0.36701885739359996,False,True,mixed,0.3853345112842341,0.012158482771570833,2023-08-17,011810,STX,0.9629629629629629,0.9876543209876543,0.9969135802469136,2023-08-18,20990.0,-0.02648300171606144,0.3269194854692712,0.017032839314197856,0.30988664615507333,2023-08-24,27936.0,,0.024483203616572746,,2023-08-31,37578.0,,0.031144045720148394,,2023-09-14,37578.0,-0.4007127203430205,-0.03181333611202386,-0.36889938423099666,2023-10-19,12663.0,-0.3284402096236303,-0.002805408828220779,-0.3256348007954095,2023-11-16,14180.0,-0.012339209147212982,1.0569318723201526,rs_trigger
9295,6269,10571945363.15,3.670780749735254,3.414511233467251,3.1916851129964963,1.3839982288772719,False,True,bull,1.7626476291203952,0.14106297779395693,2025-12-29,012200,계양전기,0.9967637540453075,0.9935275080906149,0.9935275080906149,2025-12-30,6269.0,0.0,,0.08520059612518649,,2026-01-07,7990.0,,0.1262235469448585,,2026-01-14,10874.0,,0.23298002980625943,,2026-01-28,8217.0,,0.3810813710879284,,2026-03-03,7517.0,,0.20475946348733243,,2026-03-31,5229.0,-0.16446004147391924,1.1524964109108309,rs_trigger
8108,8530,18992040618.0,0.3395291189095342,0.16500079581845295,0.8986968295533169,0.27923838827722625,False,True,mixed,0.26389094680693437,0.09922680412371143,2021-02-25,013000,세우글로벌,0.9696312364425163,0.7722342733188721,0.9436008676789588,2021-02-26,8370.0,-0.01875732708089095,-0.12466905615292712,-0.020466161081602374,-0.10420289507132474,2021-03-05,7360.0,-0.1856009557945042,-0.011361098433722017,-0.17423985736078218,2021-03-12,6850.0,,-0.0156919103152946,,2021-03-26,4940.0,,0.03127053332427043,,2021-04-23,4940.0,,0.026486572217421234,,2021-05-25,4940.0,-0.40979689366786143,0.056152927120669105,rs_trigger
1057,2566,2000188400.0,0.813369842575637,1.0963062780940818,0.7507086370408788,0.6679517576849257,False,True,bear,0.5325807800274742,0.09237973605789707,2000-04-28,016580,환인제약,1.0,0.98,0.92,2000-05-02,2604.0,0.014809041309431059,,0.039753471083415315,0.475831782372806,2000-05-09,3957.0,,-0.0062588826937793884,0.3989562713266518,2000-05-17,3637.0,,0.00016398819285012856,-0.24187520171051524,2000-05-31,1985.0,,0.1190827593746584,-0.3965082586066092,2000-06-29,1892.0,,-0.05344648518639994,-0.2900312413881009,2000-07-28,1720.0,-0.3771121351766513,1.0042242703533026,rs_trigger
337,180668,2384449200.0,0.23224063024406183,0.5005157549870931,0.32490838533468125,0.16534090971418558,False,True,mixed,0.23022783674089164,0.02607381997648761,1998-01-22,025560,미래산업,0.6764705882352942,0.9411764705882353,0.8529411764705882,1998-01-23,181152.0,0.0026789470188410824,0.34158823529411775,0.1735578215814837,0.16803041371263405,1998-01-31,243756.0,0.18901470588235303,0.11785633027902453,0.0711583756033285,1998-02-06,216117.0,,0.008811301631952428,,1998-02-18,234184.0,0.6132992845786964,0.10898297722712869,0.5043163073515677,1998-03-13,292977.0,0.32703691927221334,-0.09835150061017228,0.4253884198823856,1998-04-06,241120.0,-0.02314630807277862,0.5650006624271331,rs_trigger
5680,286486,21565208985.0,0.09605684857977326,0.339206593136244,0.08881357715675287,0.13573182354419489,False,True,bull,0.15546806103992772,0.06486516624231053,2017-11-13,025620,차AI헬스케어,0.7410358565737052,0.952191235059761,0.7689243027888446,2017-11-14,292871.0,0.02228730199730533,-0.10589127636399642,-0.0019269116108270312,-0.10396436475316939,2017-11-20,263030.0,,-0.00976881009259456,,2017-11-27,269430.0,,-0.0241100866715368,,2017-12-11,269430.0,-0.28049374639346336,-0.01762650293182777,-0.2628672434616356,2018-01-11,211894.0,-0.11998280471606959,-0.04932972695504545,-0.07065307776102414,2018-02-08,258903.0,-0.1419976713296981,0.024256413233129992,rs_trigger
3689,8900,8252321347.0,0.7762677111760683,0.755420222648423,0.715282327060152,0.701021262404818,False,True,bull,0.6000862967890404,0.07957302280446377,2015-11-04,027740,마니커,0.9962406015037594,0.9849624060150376,0.9473684210526315,2015-11-05,8900.0,0.0,,-0.025389157273215335,,2015-11-11,10918.0,,-0.04217049724296107,,2015-11-18,10272.0,,-0.01952373981359501,,2015-12-02,12038.0,,-0.06369979993168406,,2016-01-04,9678.0,,-0.060742692626750694,,2016-02-01,9334.0,-0.14067415730337074,0.821123595505618,rs_trigger
573,4673,6325525125.0,0.039616751438459,0.39652681986003946,0.7595807798404622,0.09024586504866416,False,True,bear,-0.0024336094270343,-0.3753508889185938,2000-04-28,030000,제일기획,0.66,0.9,0.93,2000-05-02,4613.0,-0.012839717526214378,,0.039753471083415315,0.10842515453982338,2000-05-09,5315.0,,-0.0062588826937793884,0.16744422845575635,2000-05-17,5375.0,,0.00016398819285012856,0.16102135756912683,2000-05-31,5375.0,,0.1190827593746584,0.11602411250914813,2000-06-29,5716.0,,-0.05344648518639994,0.08001227751243511,2000-07-28,4754.0,-0.00867114675915892,0.23477129850422718,rs_trigger
3491,16700,5854091360.0,0.24862724123378288,0.44155604597528186,0.2276003047232098,0.17432951188804613,False,True,bull,0.20035938903863437,0.047021943573667624,2020-07-22,032350,롯데관광개발,0.8888888888888888,0.868421052631579,0.7251461988304093,2020-07-23,16700.0,0.0,-0.0279520958083832,0.01612758391551883,-0.04407967972390203,2020-07-29,16300.0,-0.03394011976047906,0.03799321132881972,-0.07193333108929878,2020-08-05,16200.0,,0.021093371167902886,,2020-08-20,18900.0,-0.07286227544910184,0.08033709883084006,-0.1531993742799419,2020-09-17,15550.0,-0.07585628742514972,0.0644833964907241,-0.14033968391587381,2020-10-21,15500.0,-0.05688622754491013,0.17664670658682624,rs_trigger
253,13850,2768719400.0,0.17732511922239536,0.6439949857052891,0.49088960812239424,0.04408227620500327,True,True,mixed,0.02091963851336409,-0.06771674744211098,2000-01-12,033240,자화전자,0.865546218487395,0.9159663865546218,0.907563025210084,2000-01-13,13800.0,-0.0036101083032491488,-0.058347826086956545,-0.017046049462860924,-0.04130177662409562,2000-01-19,13050.0,-0.11994202898550721,-0.07279123824681166,-0.04715079073869555,2000-01-26,12200.0,,0.011643247544656843,,2000-02-10,16500.0,0.5467246376811594,-0.06669738026930239,0.6134220179504618,2000-03-10,21400.0,0.3075942028985508,-0.08888446799153982,0.3964786708900906,2000-04-10,18100.0,-0.13043478260869568,0.25,rs_trigger
2658,92758,51922341696.1,0.028752184913995005,0.1166140867808434,0.33745134124373566,0.022128448857915872,False,True,bear,0.042606031756558194,-0.0865330641587474,2013-07-09,035420,NAVER,0.5661375661375662,0.6931216931216931,0.8306878306878307,2013-07-10,93072.0,0.0033851527631039158,-0.017494928657383554,0.01656916892708904,-0.0340640975844726,2013-07-16,91816.0,-0.047847773766546364,0.037152630260248065,-0.08500040402679443,2013-07-23,88991.0,,0.03849799013039634,,2013-08-06,92130.0,-0.06360976448341071,0.05288299181890466,-0.11649275630231537,2013-09-04,87524.0,0.2268965102286402,0.09086353584539797,0.13603297438324224,2013-10-08,114562.0,-0.08600868145091967,0.021918514698298086,rs_trigger
1398,16542,2352188260.5,0.03300435029158,0.2603068664959203,0.34864379286342717,0.08529007351588991,False,True,bull,0.08808903623016828,-0.07509085826111261,2010-09-30,073240,금호타이어,0.5240641711229946,0.8342245989304813,0.7165775401069518,2010-10-01,16541.0,-6.045218232375582e-05,0.17658158515204647,0.015199824822820007,0.16138176032922646,2010-10-07,19528.0,,0.014617681145487893,,2010-10-14,21200.0,,0.0189490437355464,,2010-10-28,21200.0,-0.02159264857021947,0.029529104513482674,-0.05112175308370215,2010-11-25,16250.0,-0.11832198778792091,0.08819743749966613,-0.20651942528758704,2010-12-23,14650.0,-0.014388489208633115,0.30868750377848975,rs_trigger
5025,21350,14854731670.25,1.7865414149302195,1.3235044539972922,1.349368368259866,0.48378280314362443,False,True,mixed,0.8652804473178404,0.0674999999999999,2025-12-03,084670,동양고속,1.0,0.9968051118210862,0.9840255591054313,2025-12-04,,,,0.028885941710563356,,2025-12-10,46850.0,,0.009330888225911993,,2025-12-17,133600.0,,0.1091365569271272,,2026-01-05,69000.0,,0.23159513400399612,,2026-02-02,54900.0,,0.3896479393666441,,2026-03-06,44300.0,,,rs_trigger
3170,5086,2709405216.25,0.20653287864316072,0.11588562070840336,0.21424759813702166,0.05831574740110912,False,True,bear,0.12073334655472556,-0.13429787234042556,2020-03-30,095720,웅진씽크빅,0.9413919413919414,0.8315018315018315,0.8534798534798534,2020-03-31,5372.0,0.05623279591034214,-0.09744750558451232,0.030236475803345098,-0.12768398138785741,2020-04-06,4870.0,-0.077343261355175,0.04971568858557229,-0.1270589499407473,2020-04-13,4978.0,,0.11199972402532055,,2020-04-28,5304.0,-0.10787192851824279,0.16691293573814603,-0.2747848642563888,2020-05-29,4814.0,-0.06133432613551748,0.22731114420251952,-0.288645470338037,2020-06-26,5064.0,-0.1487341772151899,0.00930752047654515,rs_trigger
1916,4417,2398148022.25,0.7282344407896089,1.2366219853371647,1.2443206219249257,0.5930019566795193,False,True,bull,0.5637612405296326,0.15056004167752013,2015-04-21,096760,JW홀딩스,0.9806451612903225,0.9612903225806452,0.9419354838709677,2015-04-22,4415.0,-0.00045279601539505165,-0.04635560588901477,0.0005031235587606986,-0.04685872944777547,2015-04-28,4228.0,0.116498301245753,-0.02589688762176301,0.142395188867516,2015-05-07,4947.0,,-0.011078035395674202,,2015-05-21,7340.0,0.49520724801812,-0.046413148295669004,0.541620396313789,2015-06-19,6619.0,0.6449241223103057,-0.03251668926064133,0.677440811570947,2015-07-17,7280.0,-0.1576443941109853,0.7044167610419025,rs_trigger
718,448570,12701329551.0,0.6039370385211763,1.5125405559758651,1.2227382704244907,0.2521065353741807,False,True,mixed,0.23633457131241853,-0.20058098089535215,2018-02-19,145210,다이나믹디자인,0.9870550161812298,0.9902912621359223,0.970873786407767,2018-02-20,439160.0,-0.020977773814566336,-0.0529115584297295,0.009986232971007203,-0.0628977914007367,2018-02-26,417680.0,-0.41539903452044813,-0.009016376600160303,-0.4063826579202878,2018-03-06,258490.0,,0.021439579180964508,,2018-03-20,258490.0,,0.008391723344360669,,2018-04-17,258490.0,,0.00620543694906206,,2018-05-17,258490.0,-0.4432325348392385,0.14773658803169698,rs_trigger
8613,13100,2436994280.0,0.271560936003608,0.2256043233360583,0.11763490689374434,0.015378902512889647,True,False,mixed,0.02060691052160024,-0.07746478873239437,2023-03-13,003200,일신방직,0.9477124183006536,0.8627450980392157,0.7222222222222222,2023-03-14,13150.0,0.003816793893129722,-0.024532319391635023,-0.0046687528238426035,-0.01986356656779242,2023-03-20,12880.0,-0.012365019011406849,0.007890024933482787,-0.020255043944889636,2023-03-27,13040.0,,0.05092120015395163,,2023-04-10,13070.0,0.015011406844106515,0.044407536940042514,-0.029396130095935998,2023-05-10,13400.0,-0.15533079847908748,0.10492143442828694,-0.2602522329073744,2023-06-09,11160.0,-0.04790874524714828,0.00684410646387823,rs_setup
3976,11128,30155875650.0,0.18674157306900008,0.4147677798219712,0.9720389628865648,0.0400035476334486,True,False,bear,0.028161726661246167,-0.1588813303099017,2004-06-16,003550,LG,0.8539325842696629,0.9101123595505618,0.9775280898876404,2004-06-17,11128.0,0.0,-0.0194565061107117,-0.023767373038101836,0.004310866927390137,2004-06-23,10956.0,,0.038141415209004936,,2004-06-30,11714.0,,-0.02688527189134904,,2004-07-14,11714.0,0.08685190510424157,-0.0050996142260740784,0.09195151933031565,2004-08-11,12139.0,0.27358806613946807,0.07785499128045248,0.1957330748590156,2004-09-08,14217.0,-0.04645938173975561,0.10523005032350818,rs_setup
7128,17750,3128072787.5,0.04251802207474009,0.06884495259625778,0.10779015455887953,0.0010918151378334073,True,False,bull,-0.0006052672325211894,-0.040436803978808555,2017-02-24,005740,크라운해태홀딩스,0.5387931034482759,0.6422413793103449,0.7327586206896551,2017-02-27,,,,-0.006733572897726803,,2017-03-06,17750.0,,0.01055610435844967,,2017-03-13,17750.0,,0.028723866244804386,,2017-03-27,17750.0,,0.03735200217612267,,2017-04-24,30100.0,,0.12399604861916447,,2017-05-26,29750.0,,,rs_setup
6699,3749,4785258747.5,0.12253579919809976,0.544984415654834,0.595730317263969,0.007516680070523751,True,False,mixed,0.030029947523147582,-0.09225181598062959,2015-06-03,009180,한솔로지스틱스,0.6823899371069182,0.8836477987421384,0.8050314465408805,2015-06-04,3777.0,0.0074686583088823255,-0.04980354778925078,-0.009258677897502343,-0.040544869891748436,2015-06-10,3604.0,-0.10116706380725449,-0.017208486879917273,-0.08395857692733721,2015-06-17,3410.0,,0.013233582388709975,,2015-07-01,3655.0,0.17047709822610546,-0.01587546909185744,0.1863525673179629,2015-07-29,4436.0,-0.09348901244373842,-0.07847900738472524,-0.015010005059013176,2015-08-27,3439.0,-0.13079163357161772,0.029917924278527908,rs_setup
4347,158065,48187960075.0,0.0951349637029324,0.10266804531619789,0.22801083635898722,0.028037475849697957,True,False,bull,0.03943049480547778,-0.030626950980933265,2017-03-22,009540,HD한국조선해양,0.9039301310043668,0.7903930131004366,0.8995633187772926,2017-03-23,160789.0,0.01723341663239797,-0.07179070707573276,-0.0032703337948291056,-0.06852037328090366,2017-03-29,149889.0,,-0.006089904281791569,,2017-04-05,149889.0,,-0.016416063732412223,,2017-04-19,149889.0,0.02320957279415881,0.06331384625291481,-0.040104273458756,2017-05-23,165164.0,0.029142814496016415,0.08437553183170898,-0.05523271733569257,2017-06-21,166118.0,-0.06779692640665713,0.016947676768933162,rs_setup
8033,157600,111441289350.0,0.09523184065361223,0.4498402639265888,1.0874247387108524,0.009146802190107994,True,False,mixed,-0.003351672674381856,-0.13120176405733186,2026-04-07,010120,LS ELECTRIC,0.7815126050420168,0.9103641456582633,0.9775910364145658,2026-04-08,157600.0,0.0,,0.02808930694092715,,2026-04-14,185600.0,,0.10056850483229107,,2026-04-21,184700.0,,0.29034230881871603,,2026-05-07,318500.0,,0.28937068237807306,,2026-06-08,208000.0,,0.3870363670818475,,2026-07-06,218500.0,0.0,1.1256345177664975,rs_setup
4915,9462,7445169235.65,0.1688470856501858,0.28160971039242544,0.4832580061132421,0.04693083782765761,True,False,bear,0.013615571671897975,-0.06261145234792942,2016-01-07,018880,한온시스템,0.8861788617886179,0.8536585365853658,0.8983739837398373,2016-01-08,9537.0,0.007926442612555595,-0.004,0.005604894623747025,-0.009604894623747025,2016-01-14,9537.0,0.019382615078116897,-0.025875665548157678,0.04525828062627457,2016-01-21,9760.0,,0.014205417535539944,,2016-02-04,9760.0,-0.05663709761979663,0.0336240751129977,-0.09026117273279433,2016-03-09,9035.0,-0.11902568942015312,0.04334663547543682,-0.16237232489558995,2016-04-06,8440.0,-0.04582153717101811,0.052637097619796513,rs_setup
3579,3387,9482596192.5,0.15915146126614688,0.15041931313843415,0.4178135981484066,0.0072418756921168725,True,False,bull,0.034230052826040414,-0.07433725061492213,2012-09-14,024720,콜마홀딩스,0.8194444444444444,0.7083333333333334,0.875,2012-09-17,3334.0,-0.01564806613522296,0.10517816436712657,-0.0015806216779521431,0.10675878604507871,2012-09-21,3698.0,,-0.004652113645202793,,2012-09-28,3827.0,,-0.03191160485455291,,2012-10-16,3827.0,1.7347522495500898,-0.057760004786740704,1.7925122543368306,2012-11-13,9131.0,1.1195752849430112,-0.020403482353879787,1.139978767296891,2012-12-11,7080.0,-0.015296940611877585,0.2135572885422916,rs_setup
4722,8020,3454227503.5,0.03426909898888808,0.501751080852809,0.5192852910557311,0.0008536362392408403,True,False,mixed,0.02734900403509899,-0.09887640449438206,2023-09-05,077500,유니퀘스트,0.670846394984326,0.9341692789968652,0.8652037617554859,2023-09-06,8020.0,0.0,0.03590024937655856,-0.0158414842807314,0.05174173365728996,2023-09-12,8340.0,0.03590024937655856,-0.007061352287761724,0.04296160166432028,2023-09-19,8340.0,,-0.06783166046535083,,2023-10-10,9200.0,-0.28953615960099754,-0.051776783670428816,-0.23775937593056873,2023-11-07,5730.0,-0.3980149625935162,-0.03225330855393582,-0.3657616540395804,2023-12-05,4860.0,-0.021197007481296715,0.19077306733167076,rs_setup
1857,22100,7751195060.0,0.04062798267030754,0.3378361834244188,0.655192351353201,0.027422019483012594,True,False,mixed,0.030639369491209267,-0.05555555555555558,2018-04-05,081660,미스토홀딩스,0.549645390070922,0.8404255319148937,0.8617021276595744,2018-04-06,22400.0,0.013574660633484115,0.10760714285714279,0.009017382108985172,0.09858976074815762,2018-04-12,24900.0,0.1120714285714286,0.02694061663527303,0.08513081193615557,2018-04-19,25000.0,,0.016729453752354573,,2018-05-04,25900.0,0.3352857142857142,0.013581838009318892,0.3217038762763953,2018-06-05,30000.0,0.5451071428571428,-0.06746720200918666,0.6125743448663294,2018-07-05,34700.0,-0.008928571428571397,0.1785714285714286,rs_setup
1934,5079,3412423926.8,0.13150929977302883,0.17644354104057314,0.3042458766536821,0.00037320139459118273,True,True,bear,0.0186930883709735,-0.061009428729894566,1996-08-01,002240,고려제강,0.8507462686567164,0.7611940298507462,0.7313432835820896,1996-08-02,5127.0,0.00945067926757237,-0.05198127559976595,-0.002058031708046748,-0.049923243891719205,1996-08-07,4881.0,-0.07792237175736294,-0.0027759497457374716,-0.07514642201162547,1996-08-13,4748.0,,-0.08239306012563563,,1996-08-26,4566.0,-0.1360460308172421,-0.0641938378701764,-0.07185219294706569,1996-09-18,4450.0,-0.08435888433781935,-0.0006939874364343401,-0.08366489690138501,1996-10-16,4715.0,-0.15837721864638188,0.0,v6_proxy
335,74340,4558658181.5,0.06016329771374429,0.22525571639021935,0.9364487450157797,0.02155924489497485,True,True,mixed,0.02496932261578122,-0.12623413258110017,1997-08-25,027970,한국제지,0.7011494252873564,0.8160919540229885,0.9770114942528736,1997-08-26,75165.0,0.011097659402744098,-0.1043126455132043,-0.06128757914062388,-0.04302506637258041,1997-08-30,67625.0,-0.07570890707111022,-0.05379537508268428,-0.02191353198842594,1997-09-05,69775.0,,-0.08207675796806024,,1997-09-20,85620.0,0.1529214394997671,-0.1836332464867637,0.3365546859865308,1997-10-15,86960.0,0.024603738442094073,-0.3039269948837021,0.3285307333257962,1997-11-07,77315.0,-0.18579125922969464,0.14261957027872008,v6_proxy
253,13850,2589614403.5,0.17732511922239536,0.6439949857052891,0.49088960812239424,0.04408227620500327,True,True,mixed,0.02091963851336409,-0.06771674744211098,2000-01-12,033240,자화전자,0.8533333333333334,0.9066666666666666,0.9133333333333333,2000-01-13,13800.0,-0.0036101083032491488,-0.058347826086956545,-0.017046049462860924,-0.04130177662409562,2000-01-19,13050.0,-0.11994202898550721,-0.07279123824681166,-0.04715079073869555,2000-01-26,12200.0,,0.011643247544656843,,2000-02-10,16500.0,0.5467246376811594,-0.06669738026930239,0.6134220179504618,2000-03-10,21400.0,0.3075942028985508,-0.08888446799153982,0.3964786708900906,2000-04-10,18100.0,-0.13043478260869568,0.25,v6_proxy
