ticker,name,market,source,delisting_date,sector,industry
000020,동화약품,KOSPI,current,,UNKNOWN,UNKNOWN
000040,KR모터스,KOSPI,current,,UNKNOWN,UNKNOWN
000050,경방,KOSPI,current,,UNKNOWN,UNKNOWN
000070,삼양홀딩스,KOSPI,current,,UNKNOWN,UNKNOWN
000080,하이트진로,KOSPI,current,,UNKNOWN,UNKNOWN
000100,유한양행,KOSPI,current,,UNKNOWN,UNKNOWN
000120,CJ대한통운,KOSPI,current,,UNKNOWN,UNKNOWN
000140,하이트진로홀딩스,KOSPI,current,,UNKNOWN,UNKNOWN
000150,두산,KOSPI,current,,UNKNOWN,UNKNOWN
000180,성창기업지주,KOSPI,current,,UNKNOWN,UNKNOWN
000210,DL,KOSPI,current,,UNKNOWN,UNKNOWN
000220,유유제약,KOSPI,current,,UNKNOWN,UNKNOWN
000230,일동홀딩스,KOSPI,current,,UNKNOWN,UNKNOWN
000240,한국앤컴퍼니,KOSPI,current,,UNKNOWN,UNKNOWN
000270,기아,KOSPI,current,,UNKNOWN,UNKNOWN
000300,DH오토넥스,KOSPI,current,,UNKNOWN,UNKNOWN
000320,노루홀딩스,KOSPI,current,,UNKNOWN,UNKNOWN
000370,한화손해보험,KOSPI,current,,UNKNOWN,UNKNOWN
000390,SP삼화,KOSPI,current,,UNKNOWN,UNKNOWN
000400,롯데손해보험,KOSPI,current,,UNKNOWN,UNKNOWN
000430,대원강업,KOSPI,current,,UNKNOWN,UNKNOWN
000480,CR홀딩스,KOSPI,current,,UNKNOWN,UNKNOWN
000490,대동,KOSPI,current,,UNKNOWN,UNKNOWN
000500,가온전선,KOSPI,current,,UNKNOWN,UNKNOWN
000520,삼일제약,KOSPI,current,,UNKNOWN,UNKNOWN
000540,흥국화재,KOSPI,current,,UNKNOWN,UNKNOWN
000590,CS홀딩스,KOSPI,current,,UNKNOWN,UNKNOWN
000640,동아쏘시오홀딩스,KOSPI,current,,UNKNOWN,UNKNOWN
000650,천일고속,KOSPI,current,,UNKNOWN,UNKNOWN
000660,SK하이닉스,KOSPI,current,,UNKNOWN,UNKNOWN
000670,영풍,KOSPI,current,,UNKNOWN,UNKNOWN
000680,LS네트웍스,KOSPI,current,,UNKNOWN,UNKNOWN
000700,유수홀딩스,KOSPI,current,,UNKNOWN,UNKNOWN
000720,현대건설,KOSPI,current,,UNKNOWN,UNKNOWN
000760,이화산업,KOSPI,current,,UNKNOWN,UNKNOWN
000810,삼성화재,KOSPI,current,,UNKNOWN,UNKNOWN
000850,화천기공,KOSPI,current,,UNKNOWN,UNKNOWN
000860,강남제비스코,KOSPI,current,,UNKNOWN,UNKNOWN
000880,한화,KOSPI,current,,UNKNOWN,UNKNOWN
000890,보해양조,KOSPI,current,,UNKNOWN,UNKNOWN
000910,유니온,KOSPI,current,,UNKNOWN,UNKNOWN
000950,전방,KOSPI,current,,UNKNOWN,UNKNOWN
000970,한국주철관,KOSPI,current,,UNKNOWN,UNKNOWN
000990,DB하이텍,KOSPI,current,,UNKNOWN,UNKNOWN
001020,페이퍼코리아,KOSPI,current,,UNKNOWN,UNKNOWN
001040,CJ,KOSPI,current,,UNKNOWN,UNKNOWN
001060,JW중외제약,KOSPI,current,,UNKNOWN,UNKNOWN
001070,대한방직,KOSPI,current,,UNKNOWN,UNKNOWN
001080,만호제강,KOSPI,current,,UNKNOWN,UNKNOWN
001120,LX인터내셔널,KOSPI,current,,UNKNOWN,UNKNOWN
001130,대한제분,KOSPI,current,,UNKNOWN,UNKNOWN
001200,유진투자증권,KOSPI,current,,UNKNOWN,UNKNOWN
001210,금호전기,KOSPI,current,,UNKNOWN,UNKNOWN
001230,동국홀딩스,KOSPI,current,,UNKNOWN,UNKNOWN
001250,GS글로벌,KOSPI,current,,UNKNOWN,UNKNOWN
001260,남광토건,KOSPI,current,,UNKNOWN,UNKNOWN
001270,부국증권,KOSPI,current,,UNKNOWN,UNKNOWN
001290,상상인증권,KOSPI,current,,UNKNOWN,UNKNOWN
001340,PKC,KOSPI,current,,UNKNOWN,UNKNOWN
001360,삼성제약,KOSPI,current,,UNKNOWN,UNKNOWN
001380,SG글로벌,KOSPI,current,,UNKNOWN,UNKNOWN
001390,KG케미칼,KOSPI,current,,UNKNOWN,UNKNOWN
001420,태원물산,KOSPI,current,,UNKNOWN,UNKNOWN
001430,세아베스틸지주,KOSPI,current,,UNKNOWN,UNKNOWN
001440,대한전선,KOSPI,current,,UNKNOWN,UNKNOWN
001450,현대해상,KOSPI,current,,UNKNOWN,UNKNOWN
001460,BYC,KOSPI,current,,UNKNOWN,UNKNOWN
001470,삼부토건,KOSPI,current,,UNKNOWN,UNKNOWN
001500,현대차증권,KOSPI,current,,UNKNOWN,UNKNOWN
001510,SK증권,KOSPI,current,,UNKNOWN,UNKNOWN
001520,동양,KOSPI,current,,UNKNOWN,UNKNOWN
001530,DI동일,KOSPI,current,,UNKNOWN,UNKNOWN
001550,조비,KOSPI,current,,UNKNOWN,UNKNOWN
001560,제일연마,KOSPI,current,,UNKNOWN,UNKNOWN
001570,금양,KOSPI,current,,UNKNOWN,UNKNOWN
001620,케이비아이동국실업,KOSPI,current,,UNKNOWN,UNKNOWN
001630,종근당홀딩스,KOSPI,current,,UNKNOWN,UNKNOWN
001680,대상,KOSPI,current,,UNKNOWN,UNKNOWN
001720,신영증권,KOSPI,current,,UNKNOWN,UNKNOWN
001740,SK네트웍스,KOSPI,current,,UNKNOWN,UNKNOWN
001750,한양증권,KOSPI,current,,UNKNOWN,UNKNOWN
001770,SHD,KOSPI,current,,UNKNOWN,UNKNOWN
001780,알루코,KOSPI,current,,UNKNOWN,UNKNOWN
001790,대한제당,KOSPI,current,,UNKNOWN,UNKNOWN
001800,오리온홀딩스,KOSPI,current,,UNKNOWN,UNKNOWN
001820,삼화콘덴서,KOSPI,current,,UNKNOWN,UNKNOWN
001940,KISCO홀딩스,KOSPI,current,,UNKNOWN,UNKNOWN
002020,코오롱,KOSPI,current,,UNKNOWN,UNKNOWN
002030,아세아,KOSPI,current,,UNKNOWN,UNKNOWN
002070,비비안,KOSPI,current,,UNKNOWN,UNKNOWN
002100,경농,KOSPI,current,,UNKNOWN,UNKNOWN
002140,고려산업,KOSPI,current,,UNKNOWN,UNKNOWN
002150,도화엔지니어링,KOSPI,current,,UNKNOWN,UNKNOWN
002170,SYTS,KOSPI,current,,UNKNOWN,UNKNOWN
002200,한국수출포장,KOSPI,current,,UNKNOWN,UNKNOWN
002210,동성제약,KOSPI,current,,UNKNOWN,UNKNOWN
002220,한일철강,KOSPI,current,,UNKNOWN,UNKNOWN
002240,고려제강,KOSPI,current,,UNKNOWN,UNKNOWN
002310,아세아제지,KOSPI,current,,UNKNOWN,UNKNOWN
002320,한진,KOSPI,current,,UNKNOWN,UNKNOWN
002350,넥센타이어,KOSPI,current,,UNKNOWN,UNKNOWN
002360,SH에너지화학,KOSPI,current,,UNKNOWN,UNKNOWN
002380,KCC,KOSPI,current,,UNKNOWN,UNKNOWN
002390,한독,KOSPI,current,,UNKNOWN,UNKNOWN
002410,범양건영,KOSPI,current,,UNKNOWN,UNKNOWN
002420,우양피앤엘,KOSPI,current,,UNKNOWN,UNKNOWN
002450,삼익악기,KOSPI,current,,UNKNOWN,UNKNOWN
002460,HS화성,KOSPI,current,,UNKNOWN,UNKNOWN
002600,조흥,KOSPI,current,,UNKNOWN,UNKNOWN
002620,제일파마홀딩스,KOSPI,current,,UNKNOWN,UNKNOWN
002630,오리엔트바이오,KOSPI,current,,UNKNOWN,UNKNOWN
002690,동일제강,KOSPI,current,,UNKNOWN,UNKNOWN
002700,신일전자,KOSPI,current,,UNKNOWN,UNKNOWN
002710,TCC스틸,KOSPI,current,,UNKNOWN,UNKNOWN
002720,국제약품,KOSPI,current,,UNKNOWN,UNKNOWN
002760,보락,KOSPI,current,,UNKNOWN,UNKNOWN
002780,진흥기업,KOSPI,current,,UNKNOWN,UNKNOWN
002790,아모레퍼시픽홀딩스,KOSPI,current,,UNKNOWN,UNKNOWN
002810,삼영무역,KOSPI,current,,UNKNOWN,UNKNOWN
002820,SUN&L,KOSPI,current,,UNKNOWN,UNKNOWN
002840,미원상사,KOSPI,current,,UNKNOWN,UNKNOWN
002870,신풍,KOSPI,current,,UNKNOWN,UNKNOWN
002880,디와이에이,KOSPI,current,,UNKNOWN,UNKNOWN
002900,TYM,KOSPI,current,,UNKNOWN,UNKNOWN
002920,유성기업,KOSPI,current,,UNKNOWN,UNKNOWN
002960,한국쉘석유,KOSPI,current,,UNKNOWN,UNKNOWN
002990,금호건설,KOSPI,current,,UNKNOWN,UNKNOWN
003000,부광약품,KOSPI,current,,UNKNOWN,UNKNOWN
003010,혜인,KOSPI,current,,UNKNOWN,UNKNOWN
003030,세아제강지주,KOSPI,current,,UNKNOWN,UNKNOWN
003060,에이프로젠바이오로직스,KOSPI,current,,UNKNOWN,UNKNOWN
003070,코오롱글로벌,KOSPI,current,,UNKNOWN,UNKNOWN
003080,SB성보,KOSPI,current,,UNKNOWN,UNKNOWN
003090,대웅,KOSPI,current,,UNKNOWN,UNKNOWN
003120,일성아이에스,KOSPI,current,,UNKNOWN,UNKNOWN
003160,디아이,KOSPI,current,,UNKNOWN,UNKNOWN
003200,일신방직,KOSPI,current,,UNKNOWN,UNKNOWN
003220,대원제약,KOSPI,current,,UNKNOWN,UNKNOWN
003230,삼양식품,KOSPI,current,,UNKNOWN,UNKNOWN
003240,태광산업,KOSPI,current,,UNKNOWN,UNKNOWN
003280,흥아해운,KOSPI,current,,UNKNOWN,UNKNOWN
003300,한일홀딩스,KOSPI,current,,UNKNOWN,UNKNOWN
003350,한국화장품제조,KOSPI,current,,UNKNOWN,UNKNOWN
003460,유화증권,KOSPI,current,,UNKNOWN,UNKNOWN
003470,유안타증권,KOSPI,current,,UNKNOWN,UNKNOWN
003480,한진중공업홀딩스,KOSPI,current,,UNKNOWN,UNKNOWN
003490,대한항공,KOSPI,current,,UNKNOWN,UNKNOWN
003520,영진약품,KOSPI,current,,UNKNOWN,UNKNOWN
003530,한화투자증권,KOSPI,current,,UNKNOWN,UNKNOWN
003540,대신증권,KOSPI,current,,UNKNOWN,UNKNOWN
003550,LG,KOSPI,current,,UNKNOWN,UNKNOWN
003570,SNT다이내믹스,KOSPI,current,,UNKNOWN,UNKNOWN
003580,HLB글로벌,KOSPI,current,,UNKNOWN,UNKNOWN
003610,방림,KOSPI,current,,UNKNOWN,UNKNOWN
003620,KG모빌리티,KOSPI,current,,UNKNOWN,UNKNOWN
003650,미창석유,KOSPI,current,,UNKNOWN,UNKNOWN
003670,포스코퓨처엠,KOSPI,current,,UNKNOWN,UNKNOWN
003680,한성기업,KOSPI,current,,UNKNOWN,UNKNOWN
003690,코리안리,KOSPI,current,,UNKNOWN,UNKNOWN
003720,삼영,KOSPI,current,,UNKNOWN,UNKNOWN
003780,진양산업,KOSPI,current,,UNKNOWN,UNKNOWN
003830,대한화섬,KOSPI,current,,UNKNOWN,UNKNOWN
003850,보령,KOSPI,current,,UNKNOWN,UNKNOWN
003920,남양유업,KOSPI,current,,UNKNOWN,UNKNOWN
003960,사조대림,KOSPI,current,,UNKNOWN,UNKNOWN
004000,롯데정밀화학,KOSPI,current,,UNKNOWN,UNKNOWN
004020,현대제철,KOSPI,current,,UNKNOWN,UNKNOWN
004060,SG세계물산,KOSPI,current,,UNKNOWN,UNKNOWN
004080,신흥,KOSPI,current,,UNKNOWN,UNKNOWN
004090,한국석유,KOSPI,current,,UNKNOWN,UNKNOWN
004100,태양금속,KOSPI,current,,UNKNOWN,UNKNOWN
004140,동방,KOSPI,current,,UNKNOWN,UNKNOWN
004150,한솔홀딩스,KOSPI,current,,UNKNOWN,UNKNOWN
004170,신세계,KOSPI,current,,UNKNOWN,UNKNOWN
004250,NPC,KOSPI,current,,UNKNOWN,UNKNOWN
004270,남성,KOSPI,current,,UNKNOWN,UNKNOWN
004310,현대약품,KOSPI,current,,UNKNOWN,UNKNOWN
004360,세방,KOSPI,current,,UNKNOWN,UNKNOWN
004370,농심,KOSPI,current,,UNKNOWN,UNKNOWN
004380,삼익THK,KOSPI,current,,UNKNOWN,UNKNOWN
004410,서울식품,KOSPI,current,,UNKNOWN,UNKNOWN
004430,송원산업,KOSPI,current,,UNKNOWN,UNKNOWN
004440,삼일씨엔에스,KOSPI,current,,UNKNOWN,UNKNOWN
004450,삼화왕관,KOSPI,current,,UNKNOWN,UNKNOWN
004490,세방전지,KOSPI,current,,UNKNOWN,UNKNOWN
004540,깨끗한나라,KOSPI,current,,UNKNOWN,UNKNOWN
004560,현대비앤지스틸,KOSPI,current,,UNKNOWN,UNKNOWN
004690,삼천리,KOSPI,current,,UNKNOWN,UNKNOWN
004700,조광피혁,KOSPI,current,,UNKNOWN,UNKNOWN
004710,한솔테크닉스,KOSPI,current,,UNKNOWN,UNKNOWN
004720,팜젠사이언스,KOSPI,current,,UNKNOWN,UNKNOWN
004770,써니전자,KOSPI,current,,UNKNOWN,UNKNOWN
004800,효성,KOSPI,current,,UNKNOWN,UNKNOWN
004830,덕성,KOSPI,current,,UNKNOWN,UNKNOWN
004840,DRB동일,KOSPI,current,,UNKNOWN,UNKNOWN
004870,티웨이홀딩스,KOSPI,current,,UNKNOWN,UNKNOWN
004890,동일산업,KOSPI,current,,UNKNOWN,UNKNOWN
004910,조광페인트,KOSPI,current,,UNKNOWN,UNKNOWN
004920,씨아이테크,KOSPI,current,,UNKNOWN,UNKNOWN
004960,한신공영,KOSPI,current,,UNKNOWN,UNKNOWN
004970,신라교역,KOSPI,current,,UNKNOWN,UNKNOWN
004980,성신양회,KOSPI,current,,UNKNOWN,UNKNOWN
004990,롯데지주,KOSPI,current,,UNKNOWN,UNKNOWN
005010,휴스틸,KOSPI,current,,UNKNOWN,UNKNOWN
005030,부산주공,KOSPI,current,,UNKNOWN,UNKNOWN
005070,코스모신소재,KOSPI,current,,UNKNOWN,UNKNOWN
005090,SGC에너지,KOSPI,current,,UNKNOWN,UNKNOWN
005110,한창,KOSPI,current,,UNKNOWN,UNKNOWN
005180,빙그레,KOSPI,current,,UNKNOWN,UNKNOWN
005250,녹십자홀딩스,KOSPI,current,,UNKNOWN,UNKNOWN
005300,롯데칠성,KOSPI,current,,UNKNOWN,UNKNOWN
005320,온타이드,KOSPI,current,,UNKNOWN,UNKNOWN
005360,모나미,KOSPI,current,,UNKNOWN,UNKNOWN
005380,현대차,KOSPI,current,,UNKNOWN,UNKNOWN
005420,코스모화학,KOSPI,current,,UNKNOWN,UNKNOWN
005430,한국공항,KOSPI,current,,UNKNOWN,UNKNOWN
005440,현대지에프홀딩스,KOSPI,current,,UNKNOWN,UNKNOWN
005490,POSCO홀딩스,KOSPI,current,,UNKNOWN,UNKNOWN
005500,삼진제약,KOSPI,current,,UNKNOWN,UNKNOWN
005610,삼립,KOSPI,current,,UNKNOWN,UNKNOWN
005680,삼영전자,KOSPI,current,,UNKNOWN,UNKNOWN
005690,파미셀,KOSPI,current,,UNKNOWN,UNKNOWN
005720,넥센,KOSPI,current,,UNKNOWN,UNKNOWN
005740,크라운해태홀딩스,KOSPI,current,,UNKNOWN,UNKNOWN
005750,대림바스,KOSPI,current,,UNKNOWN,UNKNOWN
005800,신영와코루,KOSPI,current,,UNKNOWN,UNKNOWN
005810,풍산홀딩스,KOSPI,current,,UNKNOWN,UNKNOWN
005820,원림,KOSPI,current,,UNKNOWN,UNKNOWN
005830,DB손해보험,KOSPI,current,,UNKNOWN,UNKNOWN
005850,에스엘,KOSPI,current,,UNKNOWN,UNKNOWN
005870,휴니드,KOSPI,current,,UNKNOWN,UNKNOWN
005880,대한해운,KOSPI,current,,UNKNOWN,UNKNOWN
005930,삼성전자,KOSPI,current,,UNKNOWN,UNKNOWN
005940,NH투자증권,KOSPI,current,,UNKNOWN,UNKNOWN
005950,이수화학,KOSPI,current,,UNKNOWN,UNKNOWN
005960,동부건설,KOSPI,current,,UNKNOWN,UNKNOWN
006040,동원산업,KOSPI,current,,UNKNOWN,UNKNOWN
006060,화승인더,KOSPI,current,,UNKNOWN,UNKNOWN
006090,사조오양,KOSPI,current,,UNKNOWN,UNKNOWN
006110,삼아알미늄,KOSPI,current,,UNKNOWN,UNKNOWN
006120,SK디스커버리,KOSPI,current,,UNKNOWN,UNKNOWN
006200,한국전자홀딩스,KOSPI,current,,UNKNOWN,UNKNOWN
006220,제주은행,KOSPI,current,,UNKNOWN,UNKNOWN
006260,LS,KOSPI,current,,UNKNOWN,UNKNOWN
006280,녹십자,KOSPI,current,,UNKNOWN,UNKNOWN
006340,대원전선,KOSPI,current,,UNKNOWN,UNKNOWN
006360,GS건설,KOSPI,current,,UNKNOWN,UNKNOWN
006370,대구백화점,KOSPI,current,,UNKNOWN,UNKNOWN
006400,삼성SDI,KOSPI,current,,UNKNOWN,UNKNOWN
006490,프리티,KOSPI,current,,UNKNOWN,UNKNOWN
006570,대림통상,KOSPI,current,,UNKNOWN,UNKNOWN
006650,대한유화,KOSPI,current,,UNKNOWN,UNKNOWN
006660,삼성공조,KOSPI,current,,UNKNOWN,UNKNOWN
006740,블루산업개발,KOSPI,current,,UNKNOWN,UNKNOWN
006800,미래에셋증권,KOSPI,current,,UNKNOWN,UNKNOWN
006840,AK홀딩스,KOSPI,current,,UNKNOWN,UNKNOWN
006880,신송홀딩스,KOSPI,current,,UNKNOWN,UNKNOWN
006890,태경케미컬,KOSPI,current,,UNKNOWN,UNKNOWN
006980,우성,KOSPI,current,,UNKNOWN,UNKNOWN
007070,GS리테일,KOSPI,current,,UNKNOWN,UNKNOWN
007110,일신석재,KOSPI,current,,UNKNOWN,UNKNOWN
007120,미래아이앤지,KOSPI,current,,UNKNOWN,UNKNOWN
007160,사조산업,KOSPI,current,,UNKNOWN,UNKNOWN
007210,벽산,KOSPI,current,,UNKNOWN,UNKNOWN
007280,한국특강,KOSPI,current,,UNKNOWN,UNKNOWN
007310,오뚜기,KOSPI,current,,UNKNOWN,UNKNOWN
007340,DN오토모티브,KOSPI,current,,UNKNOWN,UNKNOWN
007460,에이프로젠,KOSPI,current,,UNKNOWN,UNKNOWN
007540,샘표,KOSPI,current,,UNKNOWN,UNKNOWN
007570,일양약품,KOSPI,current,,UNKNOWN,UNKNOWN
007590,동방아그로,KOSPI,current,,UNKNOWN,UNKNOWN
007610,선도전기,KOSPI,current,,UNKNOWN,UNKNOWN
007660,이수페타시스,KOSPI,current,,UNKNOWN,UNKNOWN
007690,국도화학,KOSPI,current,,UNKNOWN,UNKNOWN
007700,F&F홀딩스,KOSPI,current,,UNKNOWN,UNKNOWN
007810,코리아써키트,KOSPI,current,,UNKNOWN,UNKNOWN
007860,서연,KOSPI,current,,UNKNOWN,UNKNOWN
007980,TP,KOSPI,current,,UNKNOWN,UNKNOWN
008040,사조동아원,KOSPI,current,,UNKNOWN,UNKNOWN
008060,대덕,KOSPI,current,,UNKNOWN,UNKNOWN
008250,이건산업,KOSPI,current,,UNKNOWN,UNKNOWN
008260,NI스틸,KOSPI,current,,UNKNOWN,UNKNOWN
008350,남선알미늄,KOSPI,current,,UNKNOWN,UNKNOWN
008420,문배철강,KOSPI,current,,UNKNOWN,UNKNOWN
008490,서흥,KOSPI,current,,UNKNOWN,UNKNOWN
008600,윌비스,KOSPI,current,,UNKNOWN,UNKNOWN
008700,아남전자,KOSPI,current,,UNKNOWN,UNKNOWN
008730,율촌화학,KOSPI,current,,UNKNOWN,UNKNOWN
008770,호텔신라,KOSPI,current,,UNKNOWN,UNKNOWN
008870,금비,KOSPI,current,,UNKNOWN,UNKNOWN
008930,한미사이언스,KOSPI,current,,UNKNOWN,UNKNOWN
008970,KBI동양철관,KOSPI,current,,UNKNOWN,UNKNOWN
009070,KCTC,KOSPI,current,,UNKNOWN,UNKNOWN
009140,케이아이이,KOSPI,current,,UNKNOWN,UNKNOWN
009150,삼성전기,KOSPI,current,,UNKNOWN,UNKNOWN
009160,SIMPAC,KOSPI,current,,UNKNOWN,UNKNOWN
009180,한솔로지스틱스,KOSPI,current,,UNKNOWN,UNKNOWN
009190,대양금속,KOSPI,current,,UNKNOWN,UNKNOWN
009200,무림페이퍼,KOSPI,current,,UNKNOWN,UNKNOWN
009240,한샘,KOSPI,current,,UNKNOWN,UNKNOWN
009270,신원,KOSPI,current,,UNKNOWN,UNKNOWN
009290,광동제약,KOSPI,current,,UNKNOWN,UNKNOWN
009310,참엔지니어링,KOSPI,current,,UNKNOWN,UNKNOWN
009320,아진전자부품,KOSPI,current,,UNKNOWN,UNKNOWN
009410,태영건설,KOSPI,current,,UNKNOWN,UNKNOWN
009420,한올바이오파마,KOSPI,current,,UNKNOWN,UNKNOWN
009440,KC그린홀딩스,KOSPI,current,,UNKNOWN,UNKNOWN
009450,경동나비엔,KOSPI,current,,UNKNOWN,UNKNOWN
009460,한창제지,KOSPI,current,,UNKNOWN,UNKNOWN
009470,삼화전기,KOSPI,current,,UNKNOWN,UNKNOWN
009540,HD한국조선해양,KOSPI,current,,UNKNOWN,UNKNOWN
009580,무림P&P,KOSPI,current,,UNKNOWN,UNKNOWN
009680,모토닉,KOSPI,current,,UNKNOWN,UNKNOWN
009770,삼정펄프,KOSPI,current,,UNKNOWN,UNKNOWN
009810,MDS스피어,KOSPI,current,,UNKNOWN,UNKNOWN
009830,한화솔루션,KOSPI,current,,UNKNOWN,UNKNOWN
009900,명신산업,KOSPI,current,,UNKNOWN,UNKNOWN
009970,영원무역홀딩스,KOSPI,current,,UNKNOWN,UNKNOWN
010040,한국내화,KOSPI,current,,UNKNOWN,UNKNOWN
010060,OCI홀딩스,KOSPI,current,,UNKNOWN,UNKNOWN
010100,한국무브넥스,KOSPI,current,,UNKNOWN,UNKNOWN
010120,LS ELECTRIC,KOSPI,current,,UNKNOWN,UNKNOWN
010130,고려아연,KOSPI,current,,UNKNOWN,UNKNOWN
010140,삼성중공업,KOSPI,current,,UNKNOWN,UNKNOWN
010400,우진아이엔에스,KOSPI,current,,UNKNOWN,UNKNOWN
010580,에스엠벡셀,KOSPI,current,,UNKNOWN,UNKNOWN
010640,진양폴리,KOSPI,current,,UNKNOWN,UNKNOWN
010660,화천기계,KOSPI,current,,UNKNOWN,UNKNOWN
010690,화신,KOSPI,current,,UNKNOWN,UNKNOWN
010770,평화홀딩스,KOSPI,current,,UNKNOWN,UNKNOWN
010780,아이에스동서,KOSPI,current,,UNKNOWN,UNKNOWN
010820,퍼스텍,KOSPI,current,,UNKNOWN,UNKNOWN
010950,S-Oil,KOSPI,current,,UNKNOWN,UNKNOWN
010960,삼호개발,KOSPI,current,,UNKNOWN,UNKNOWN
011000,진원생명과학,KOSPI,current,,UNKNOWN,UNKNOWN
011070,LG이노텍,KOSPI,current,,UNKNOWN,UNKNOWN
011090,에넥스,KOSPI,current,,UNKNOWN,UNKNOWN
011150,CJ씨푸드,KOSPI,current,,UNKNOWN,UNKNOWN
011170,롯데케미칼,KOSPI,current,,UNKNOWN,UNKNOWN
011200,HMM,KOSPI,current,,UNKNOWN,UNKNOWN
011210,현대위아,KOSPI,current,,UNKNOWN,UNKNOWN
011230,삼화전자,KOSPI,current,,UNKNOWN,UNKNOWN
011280,태림포장,KOSPI,current,,UNKNOWN,UNKNOWN
011300,우성머티리얼스,KOSPI,current,,UNKNOWN,UNKNOWN
011330,유니켐,KOSPI,current,,UNKNOWN,UNKNOWN
011390,부산산업,KOSPI,current,,UNKNOWN,UNKNOWN
011420,갤럭시아에스엠,KOSPI,current,,UNKNOWN,UNKNOWN
011500,한농화성,KOSPI,current,,UNKNOWN,UNKNOWN
011690,와이투솔루션,KOSPI,current,,UNKNOWN,UNKNOWN
011700,한신기계,KOSPI,current,,UNKNOWN,UNKNOWN
011760,현대코퍼레이션,KOSPI,current,,UNKNOWN,UNKNOWN
011780,금호석유화학,KOSPI,current,,UNKNOWN,UNKNOWN
011790,SKC,KOSPI,current,,UNKNOWN,UNKNOWN
011810,STX,KOSPI,current,,UNKNOWN,UNKNOWN
011930,신성이엔지,KOSPI,current,,UNKNOWN,UNKNOWN
012030,DB,KOSPI,current,,UNKNOWN,UNKNOWN
012160,영흥,KOSPI,current,,UNKNOWN,UNKNOWN
012170,아센디오,KOSPI,current,,UNKNOWN,UNKNOWN
012200,계양전기,KOSPI,current,,UNKNOWN,UNKNOWN
012280,영화금속,KOSPI,current,,UNKNOWN,UNKNOWN
012320,경동인베스트,KOSPI,current,,UNKNOWN,UNKNOWN
012330,현대모비스,KOSPI,current,,UNKNOWN,UNKNOWN
012450,한화에어로스페이스,KOSPI,current,,UNKNOWN,UNKNOWN
012610,경인양행,KOSPI,current,,UNKNOWN,UNKNOWN
012630,HDC,KOSPI,current,,UNKNOWN,UNKNOWN
012690,모나리자,KOSPI,current,,UNKNOWN,UNKNOWN
012750,에스원,KOSPI,current,,UNKNOWN,UNKNOWN
012800,대창,KOSPI,current,,UNKNOWN,UNKNOWN
013000,세우글로벌,KOSPI,current,,UNKNOWN,UNKNOWN
013360,일성건설,KOSPI,current,,UNKNOWN,UNKNOWN
013520,화승코퍼레이션,KOSPI,current,,UNKNOWN,UNKNOWN
013570,디와이,KOSPI,current,,UNKNOWN,UNKNOWN
013580,계룡건설,KOSPI,current,,UNKNOWN,UNKNOWN
013700,까뮤이앤씨,KOSPI,current,,UNKNOWN,UNKNOWN
013870,지엠비코리아,KOSPI,current,,UNKNOWN,UNKNOWN
013890,지누스,KOSPI,current,,UNKNOWN,UNKNOWN
014130,한익스프레스,KOSPI,current,,UNKNOWN,UNKNOWN
014160,대영포장,KOSPI,current,,UNKNOWN,UNKNOWN
014280,금강공업,KOSPI,current,,UNKNOWN,UNKNOWN
014440,영보화학,KOSPI,current,,UNKNOWN,UNKNOWN
014530,극동유화,KOSPI,current,,UNKNOWN,UNKNOWN
014580,태경비케이,KOSPI,current,,UNKNOWN,UNKNOWN
014680,한솔케미칼,KOSPI,current,,UNKNOWN,UNKNOWN
014710,사조씨푸드,KOSPI,current,,UNKNOWN,UNKNOWN
014790,HL D&I,KOSPI,current,,UNKNOWN,UNKNOWN
014820,동원시스템즈,KOSPI,current,,UNKNOWN,UNKNOWN
014830,유니드,KOSPI,current,,UNKNOWN,UNKNOWN
014910,성문전자,KOSPI,current,,UNKNOWN,UNKNOWN
014990,인디에프,KOSPI,current,,UNKNOWN,UNKNOWN
015020,이스타코,KOSPI,current,,UNKNOWN,UNKNOWN
015230,대창단조,KOSPI,current,,UNKNOWN,UNKNOWN
015260,에이엔피,KOSPI,current,,UNKNOWN,UNKNOWN
015360,INVENI,KOSPI,current,,UNKNOWN,UNKNOWN
015590,DKME,KOSPI,current,,UNKNOWN,UNKNOWN
015760,한국전력,KOSPI,current,,UNKNOWN,UNKNOWN
015860,일진홀딩스,KOSPI,current,,UNKNOWN,UNKNOWN
015890,태경산업,KOSPI,current,,UNKNOWN,UNKNOWN
016090,대현,KOSPI,current,,UNKNOWN,UNKNOWN
016360,삼성증권,KOSPI,current,,UNKNOWN,UNKNOWN
016380,KG스틸,KOSPI,current,,UNKNOWN,UNKNOWN
016450,한세예스24홀딩스,KOSPI,current,,UNKNOWN,UNKNOWN
016580,환인제약,KOSPI,current,,UNKNOWN,UNKNOWN
016590,신대양제지,KOSPI,current,,UNKNOWN,UNKNOWN
016610,DB증권,KOSPI,current,,UNKNOWN,UNKNOWN
016710,대성홀딩스,KOSPI,current,,UNKNOWN,UNKNOWN
016740,두올,KOSPI,current,,UNKNOWN,UNKNOWN
016800,퍼시스,KOSPI,current,,UNKNOWN,UNKNOWN
016880,웅진,KOSPI,current,,UNKNOWN,UNKNOWN
017040,광명전기,KOSPI,current,,UNKNOWN,UNKNOWN
017180,명문제약,KOSPI,current,,UNKNOWN,UNKNOWN
017370,우신시스템,KOSPI,current,,UNKNOWN,UNKNOWN
017390,서울가스,KOSPI,current,,UNKNOWN,UNKNOWN
017550,수산세보틱스,KOSPI,current,,UNKNOWN,UNKNOWN
017670,SK텔레콤,KOSPI,current,,UNKNOWN,UNKNOWN
017800,현대엘리베이터,KOSPI,current,,UNKNOWN,UNKNOWN
017810,풀무원,KOSPI,current,,UNKNOWN,UNKNOWN
017860,DS단석,KOSPI,current,,UNKNOWN,UNKNOWN
017900,광전자,KOSPI,current,,UNKNOWN,UNKNOWN
017940,E1,KOSPI,current,,UNKNOWN,UNKNOWN
017960,한국카본,KOSPI,current,,UNKNOWN,UNKNOWN
018250,애경산업,KOSPI,current,,UNKNOWN,UNKNOWN
018260,삼성에스디에스,KOSPI,current,,UNKNOWN,UNKNOWN
018470,조일알미늄,KOSPI,current,,UNKNOWN,UNKNOWN
018500,동원모빌리티,KOSPI,current,,UNKNOWN,UNKNOWN
018670,SK가스,KOSPI,current,,UNKNOWN,UNKNOWN
018880,한온시스템,KOSPI,current,,UNKNOWN,UNKNOWN
019170,신풍제약,KOSPI,current,,UNKNOWN,UNKNOWN
019180,티에이치엔,KOSPI,current,,UNKNOWN,UNKNOWN
019490,엑시큐어하이트론,KOSPI,current,,UNKNOWN,UNKNOWN
019680,대교,KOSPI,current,,UNKNOWN,UNKNOWN
020000,한섬,KOSPI,current,,UNKNOWN,UNKNOWN
020120,키다리스튜디오,KOSPI,current,,UNKNOWN,UNKNOWN
020150,롯데에너지머티리얼즈,KOSPI,current,,UNKNOWN,UNKNOWN
020560,아시아나항공,KOSPI,current,,UNKNOWN,UNKNOWN
020760,일진디스플,KOSPI,current,,UNKNOWN,UNKNOWN
021050,서원,KOSPI,current,,UNKNOWN,UNKNOWN
021240,코웨이,KOSPI,current,,UNKNOWN,UNKNOWN
021820,세원정공,KOSPI,current,,UNKNOWN,UNKNOWN
022100,포스코DX,KOSPI,current,,UNKNOWN,UNKNOWN
023000,삼원강재,KOSPI,current,,UNKNOWN,UNKNOWN
023150,MH에탄올,KOSPI,current,,UNKNOWN,UNKNOWN
023350,한국종합기술,KOSPI,current,,UNKNOWN,UNKNOWN
023450,동남합성,KOSPI,current,,UNKNOWN,UNKNOWN
023530,롯데쇼핑,KOSPI,current,,UNKNOWN,UNKNOWN
023590,다우기술,KOSPI,current,,UNKNOWN,UNKNOWN
023800,인지컨트롤스,KOSPI,current,,UNKNOWN,UNKNOWN
023810,인팩,KOSPI,current,,UNKNOWN,UNKNOWN
023960,에쓰씨엔지니어링,KOSPI,current,,UNKNOWN,UNKNOWN
024070,WISCOM,KOSPI,current,,UNKNOWN,UNKNOWN
024090,디씨엠,KOSPI,current,,UNKNOWN,UNKNOWN
024110,기업은행,KOSPI,current,,UNKNOWN,UNKNOWN
024720,콜마홀딩스,KOSPI,current,,UNKNOWN,UNKNOWN
024890,대원화성,KOSPI,current,,UNKNOWN,UNKNOWN
024900,디와이덕양,KOSPI,current,,UNKNOWN,UNKNOWN
025000,KPX케미칼,KOSPI,current,,UNKNOWN,UNKNOWN
025530,SJM홀딩스,KOSPI,current,,UNKNOWN,UNKNOWN
025540,한국단자,KOSPI,current,,UNKNOWN,UNKNOWN
025560,미래산업,KOSPI,current,,UNKNOWN,UNKNOWN
025620,차AI헬스케어,KOSPI,current,,UNKNOWN,UNKNOWN
025750,한솔홈데코,KOSPI,current,,UNKNOWN,UNKNOWN
025820,이구산업,KOSPI,current,,UNKNOWN,UNKNOWN
025860,남해화학,KOSPI,current,,UNKNOWN,UNKNOWN
025890,한국주강,KOSPI,current,,UNKNOWN,UNKNOWN
026890,스틱인베스트먼트,KOSPI,current,,UNKNOWN,UNKNOWN
026940,부국철강,KOSPI,current,,UNKNOWN,UNKNOWN
026960,동서,KOSPI,current,,UNKNOWN,UNKNOWN
027410,BGF,KOSPI,current,,UNKNOWN,UNKNOWN
027740,마니커,KOSPI,current,,UNKNOWN,UNKNOWN
027970,한국제지,KOSPI,current,,UNKNOWN,UNKNOWN
028050,삼성E&A,KOSPI,current,,UNKNOWN,UNKNOWN
028100,동아지질,KOSPI,current,,UNKNOWN,UNKNOWN
028260,삼성물산,KOSPI,current,,UNKNOWN,UNKNOWN
028670,팬오션,KOSPI,current,,UNKNOWN,UNKNOWN
029460,케이씨,KOSPI,current,,UNKNOWN,UNKNOWN
029530,신도리코,KOSPI,current,,UNKNOWN,UNKNOWN
029780,삼성카드,KOSPI,current,,UNKNOWN,UNKNOWN
030000,제일기획,KOSPI,current,,UNKNOWN,UNKNOWN
030190,NICE평가정보,KOSPI,current,,UNKNOWN,UNKNOWN
030200,KT,KOSPI,current,,UNKNOWN,UNKNOWN
030210,다올투자증권,KOSPI,current,,UNKNOWN,UNKNOWN
030610,교보증권,KOSPI,current,,UNKNOWN,UNKNOWN
030720,동원수산,KOSPI,current,,UNKNOWN,UNKNOWN
031210,서울보증보험,KOSPI,current,,UNKNOWN,UNKNOWN
031430,신세계인터내셔날,KOSPI,current,,UNKNOWN,UNKNOWN
031820,아이티센씨티에스,KOSPI,current,,UNKNOWN,UNKNOWN
032350,롯데관광개발,KOSPI,current,,UNKNOWN,UNKNOWN
032560,황금에스티,KOSPI,current,,UNKNOWN,UNKNOWN
032640,LG유플러스,KOSPI,current,,UNKNOWN,UNKNOWN
032830,삼성생명,KOSPI,current,,UNKNOWN,UNKNOWN
033240,자화전자,KOSPI,current,,UNKNOWN,UNKNOWN
033250,체시스,KOSPI,current,,UNKNOWN,UNKNOWN
033270,유나이티드제약,KOSPI,current,,UNKNOWN,UNKNOWN
033530,SJG세종,KOSPI,current,,UNKNOWN,UNKNOWN
033780,KT&G,KOSPI,current,,UNKNOWN,UNKNOWN
033920,무학,KOSPI,current,,UNKNOWN,UNKNOWN
034020,두산에너빌리티,KOSPI,current,,UNKNOWN,UNKNOWN
034120,SBS,KOSPI,current,,UNKNOWN,UNKNOWN
034220,LG디스플레이,KOSPI,current,,UNKNOWN,UNKNOWN
034230,파라다이스,KOSPI,current,,UNKNOWN,UNKNOWN
034310,NICE,KOSPI,current,,UNKNOWN,UNKNOWN
034590,인천도시가스,KOSPI,current,,UNKNOWN,UNKNOWN
034730,SK,KOSPI,current,,UNKNOWN,UNKNOWN
034830,한국토지신탁,KOSPI,current,,UNKNOWN,UNKNOWN
035000,HS애드,KOSPI,current,,UNKNOWN,UNKNOWN
035150,백산,KOSPI,current,,UNKNOWN,UNKNOWN
035250,강원랜드,KOSPI,current,,UNKNOWN,UNKNOWN
035420,NAVER,KOSPI,current,,UNKNOWN,UNKNOWN
035510,신세계 I&C,KOSPI,current,,UNKNOWN,UNKNOWN
035720,카카오,KOSPI,current,,UNKNOWN,UNKNOWN
036420,콘텐트리중앙,KOSPI,current,,UNKNOWN,UNKNOWN
036460,한국가스공사,KOSPI,current,,UNKNOWN,UNKNOWN
036530,SNT홀딩스,KOSPI,current,,UNKNOWN,UNKNOWN
036570,NC,KOSPI,current,,UNKNOWN,UNKNOWN
036580,팜스코,KOSPI,current,,UNKNOWN,UNKNOWN
037270,YG PLUS,KOSPI,current,,UNKNOWN,UNKNOWN
037560,LG헬로비전,KOSPI,current,,UNKNOWN,UNKNOWN
037710,광주신세계,KOSPI,current,,UNKNOWN,UNKNOWN
039130,하나투어,KOSPI,current,,UNKNOWN,UNKNOWN
039490,키움증권,KOSPI,current,,UNKNOWN,UNKNOWN
039570,HDC랩스,KOSPI,current,,UNKNOWN,UNKNOWN
041650,상신브레이크,KOSPI,current,,UNKNOWN,UNKNOWN
042660,한화오션,KOSPI,current,,UNKNOWN,UNKNOWN
042700,한미반도체,KOSPI,current,,UNKNOWN,UNKNOWN
044380,주연테크,KOSPI,current,,UNKNOWN,UNKNOWN
044450,KSS해운,KOSPI,current,,UNKNOWN,UNKNOWN
044820,코스맥스비티아이,KOSPI,current,,UNKNOWN,UNKNOWN
047040,대우건설,KOSPI,current,,UNKNOWN,UNKNOWN
047050,포스코인터내셔널,KOSPI,current,,UNKNOWN,UNKNOWN
047400,유니온머티리얼,KOSPI,current,,UNKNOWN,UNKNOWN
047810,한국항공우주,KOSPI,current,,UNKNOWN,UNKNOWN
049800,우진플라임,KOSPI,current,,UNKNOWN,UNKNOWN
051600,한전KPS,KOSPI,current,,UNKNOWN,UNKNOWN
051630,진양화학,KOSPI,current,,UNKNOWN,UNKNOWN
051900,LG생활건강,KOSPI,current,,UNKNOWN,UNKNOWN
051910,LG화학,KOSPI,current,,UNKNOWN,UNKNOWN
052690,한전기술,KOSPI,current,,UNKNOWN,UNKNOWN
053210,스카이라이프,KOSPI,current,,UNKNOWN,UNKNOWN
053690,한미글로벌,KOSPI,current,,UNKNOWN,UNKNOWN
055490,테이팩스,KOSPI,current,,UNKNOWN,UNKNOWN
055550,신한지주,KOSPI,current,,UNKNOWN,UNKNOWN
058430,포스코스틸리온,KOSPI,current,,UNKNOWN,UNKNOWN
058650,세아홀딩스,KOSPI,current,,UNKNOWN,UNKNOWN
058730,다스코,KOSPI,current,,UNKNOWN,UNKNOWN
058850,KTcs,KOSPI,current,,UNKNOWN,UNKNOWN
058860,KTis,KOSPI,current,,UNKNOWN,UNKNOWN
060980,HL홀딩스,KOSPI,current,,UNKNOWN,UNKNOWN
062040,산일전기,KOSPI,current,,UNKNOWN,UNKNOWN
063160,종근당바이오,KOSPI,current,,UNKNOWN,UNKNOWN
064350,현대로템,KOSPI,current,,UNKNOWN,UNKNOWN
064400,LG씨엔에스,KOSPI,current,,UNKNOWN,UNKNOWN
064960,SNT모티브,KOSPI,current,,UNKNOWN,UNKNOWN
066570,LG전자,KOSPI,current,,UNKNOWN,UNKNOWN
066970,엘앤에프,KOSPI,current,,UNKNOWN,UNKNOWN
067830,세이브존I&C,KOSPI,current,,UNKNOWN,UNKNOWN
068270,셀트리온,KOSPI,current,,UNKNOWN,UNKNOWN
068290,삼성출판사,KOSPI,current,,UNKNOWN,UNKNOWN
069260,TKG휴켐스,KOSPI,current,,UNKNOWN,UNKNOWN
069460,대호에이엘,KOSPI,current,,UNKNOWN,UNKNOWN
069620,대웅제약,KOSPI,current,,UNKNOWN,UNKNOWN
069640,한세엠케이,KOSPI,current,,UNKNOWN,UNKNOWN
069730,DSR제강,KOSPI,current,,UNKNOWN,UNKNOWN
069960,현대백화점,KOSPI,current,,UNKNOWN,UNKNOWN
070960,모나용평,KOSPI,current,,UNKNOWN,UNKNOWN
071050,한국금융지주,KOSPI,current,,UNKNOWN,UNKNOWN
071090,하이스틸,KOSPI,current,,UNKNOWN,UNKNOWN
071320,지역난방공사,KOSPI,current,,UNKNOWN,UNKNOWN
071840,롯데하이마트,KOSPI,current,,UNKNOWN,UNKNOWN
071950,코아스,KOSPI,current,,UNKNOWN,UNKNOWN
071970,HD현대마린엔진,KOSPI,current,,UNKNOWN,UNKNOWN
072130,유엔젤,KOSPI,current,,UNKNOWN,UNKNOWN
072710,농심홀딩스,KOSPI,current,,UNKNOWN,UNKNOWN
073240,금호타이어,KOSPI,current,,UNKNOWN,UNKNOWN
074610,이엔플러스,KOSPI,current,,UNKNOWN,UNKNOWN
075180,새론오토모티브,KOSPI,current,,UNKNOWN,UNKNOWN
075580,세진중공업,KOSPI,current,,UNKNOWN,UNKNOWN
077500,유니퀘스트,KOSPI,current,,UNKNOWN,UNKNOWN
077970,STX엔진,KOSPI,current,,UNKNOWN,UNKNOWN
078000,텔코웨어,KOSPI,current,,UNKNOWN,UNKNOWN
078520,에이블씨엔씨,KOSPI,current,,UNKNOWN,UNKNOWN
078930,GS,KOSPI,current,,UNKNOWN,UNKNOWN
079160,CJ CGV,KOSPI,current,,UNKNOWN,UNKNOWN
079430,현대리바트,KOSPI,current,,UNKNOWN,UNKNOWN
079550,LIG디펜스앤에어로스페이스,KOSPI,current,,UNKNOWN,UNKNOWN
079900,전진건설로봇,KOSPI,current,,UNKNOWN,UNKNOWN
079980,휴비스,KOSPI,current,,UNKNOWN,UNKNOWN
081000,일진다이아,KOSPI,current,,UNKNOWN,UNKNOWN
081660,미스토홀딩스,KOSPI,current,,UNKNOWN,UNKNOWN
082740,한화엔진,KOSPI,current,,UNKNOWN,UNKNOWN
083420,그린케미칼,KOSPI,current,,UNKNOWN,UNKNOWN
084010,대한제강,KOSPI,current,,UNKNOWN,UNKNOWN
084670,동양고속,KOSPI,current,,UNKNOWN,UNKNOWN
084680,이월드,KOSPI,current,,UNKNOWN,UNKNOWN
084690,대상홀딩스,KOSPI,current,,UNKNOWN,UNKNOWN
084870,TBH글로벌,KOSPI,current,,UNKNOWN,UNKNOWN
085310,엔케이,KOSPI,current,,UNKNOWN,UNKNOWN
085620,미래에셋생명,KOSPI,current,,UNKNOWN,UNKNOWN
086280,현대글로비스,KOSPI,current,,UNKNOWN,UNKNOWN
086790,하나금융지주,KOSPI,current,,UNKNOWN,UNKNOWN
088350,한화생명,KOSPI,current,,UNKNOWN,UNKNOWN
088790,진도,KOSPI,current,,UNKNOWN,UNKNOWN
088980,맥쿼리인프라,KOSPI,current,,UNKNOWN,UNKNOWN
089470,HDC현대EP,KOSPI,current,,UNKNOWN,UNKNOWN
089590,제주항공,KOSPI,current,,UNKNOWN,UNKNOWN
089860,롯데렌탈,KOSPI,current,,UNKNOWN,UNKNOWN
090080,평화산업,KOSPI,current,,UNKNOWN,UNKNOWN
090350,노루페인트,KOSPI,current,,UNKNOWN,UNKNOWN
090370,메타랩스,KOSPI,current,,UNKNOWN,UNKNOWN
090430,아모레퍼시픽,KOSPI,current,,UNKNOWN,UNKNOWN
090460,비에이치,KOSPI,current,,UNKNOWN,UNKNOWN
091810,트리니티항공,KOSPI,current,,UNKNOWN,UNKNOWN
092200,디아이씨,KOSPI,current,,UNKNOWN,UNKNOWN
092220,KEC,KOSPI,current,,UNKNOWN,UNKNOWN
092230,KPX홀딩스,KOSPI,current,,UNKNOWN,UNKNOWN
092440,기신정기,KOSPI,current,,UNKNOWN,UNKNOWN
092780,DYP,KOSPI,current,,UNKNOWN,UNKNOWN
092790,넥스틸,KOSPI,current,,UNKNOWN,UNKNOWN
093050,LF,KOSPI,current,,UNKNOWN,UNKNOWN
093240,형지엘리트,KOSPI,current,,UNKNOWN,UNKNOWN
093370,후성,KOSPI,current,,UNKNOWN,UNKNOWN
094280,효성ITX,KOSPI,current,,UNKNOWN,UNKNOWN
094800,맵스리얼티,KOSPI,current,,UNKNOWN,UNKNOWN
095570,AJ네트웍스,KOSPI,current,,UNKNOWN,UNKNOWN
095720,웅진씽크빅,KOSPI,current,,UNKNOWN,UNKNOWN
096760,JW홀딩스,KOSPI,current,,UNKNOWN,UNKNOWN
096770,SK이노베이션,KOSPI,current,,UNKNOWN,UNKNOWN
097230,HJ중공업,KOSPI,current,,UNKNOWN,UNKNOWN
097520,엠씨넥스,KOSPI,current,,UNKNOWN,UNKNOWN
097950,CJ제일제당,KOSPI,current,,UNKNOWN,UNKNOWN
100090,SK오션플랜트,KOSPI,current,,UNKNOWN,UNKNOWN
100220,비상교육,KOSPI,current,,UNKNOWN,UNKNOWN
100250,진양홀딩스,KOSPI,current,,UNKNOWN,UNKNOWN
100840,SNT에너지,KOSPI,current,,UNKNOWN,UNKNOWN
101140,인바이오젠,KOSPI,current,,UNKNOWN,UNKNOWN
101530,해태제과식품,KOSPI,current,,UNKNOWN,UNKNOWN
102260,동성케미컬,KOSPI,current,,UNKNOWN,UNKNOWN
102460,이연제약,KOSPI,current,,UNKNOWN,UNKNOWN
103140,풍산,KOSPI,current,,UNKNOWN,UNKNOWN
103590,일진전기,KOSPI,current,,UNKNOWN,UNKNOWN
104700,한국철강,KOSPI,current,,UNKNOWN,UNKNOWN
105560,KB금융,KOSPI,current,,UNKNOWN,UNKNOWN
105630,한세실업,KOSPI,current,,UNKNOWN,UNKNOWN
105840,우진,KOSPI,current,,UNKNOWN,UNKNOWN
107590,미원홀딩스,KOSPI,current,,UNKNOWN,UNKNOWN
108320,LX세미콘,KOSPI,current,,UNKNOWN,UNKNOWN
108670,LX하우시스,KOSPI,current,,UNKNOWN,UNKNOWN
109070,주성코퍼레이션,KOSPI,current,,UNKNOWN,UNKNOWN
111110,호전실업,KOSPI,current,,UNKNOWN,UNKNOWN
111380,동인기연,KOSPI,current,,UNKNOWN,UNKNOWN
111770,영원무역,KOSPI,current,,UNKNOWN,UNKNOWN
112610,씨에스윈드,KOSPI,current,,UNKNOWN,UNKNOWN
114090,GKL,KOSPI,current,,UNKNOWN,UNKNOWN
117580,대성에너지,KOSPI,current,,UNKNOWN,UNKNOWN
118000,메타케어,KOSPI,current,,UNKNOWN,UNKNOWN
119650,KC코트렐,KOSPI,current,,UNKNOWN,UNKNOWN
120030,조선선재,KOSPI,current,,UNKNOWN,UNKNOWN
120110,코오롱인더,KOSPI,current,,UNKNOWN,UNKNOWN
122900,아이마켓코리아,KOSPI,current,,UNKNOWN,UNKNOWN
123690,한국화장품,KOSPI,current,,UNKNOWN,UNKNOWN
123700,SJM,KOSPI,current,,UNKNOWN,UNKNOWN
123890,한국자산신탁,KOSPI,current,,UNKNOWN,UNKNOWN
126560,현대퓨처넷,KOSPI,current,,UNKNOWN,UNKNOWN
126720,수산인더스트리,KOSPI,current,,UNKNOWN,UNKNOWN
128820,대성산업,KOSPI,current,,UNKNOWN,UNKNOWN
128940,한미약품,KOSPI,current,,UNKNOWN,UNKNOWN
129260,인터지스,KOSPI,current,,UNKNOWN,UNKNOWN
130660,한전산업,KOSPI,current,,UNKNOWN,UNKNOWN
133820,화인베스틸,KOSPI,current,,UNKNOWN,UNKNOWN
134380,미원화학,KOSPI,current,,UNKNOWN,UNKNOWN
134790,시디즈,KOSPI,current,,UNKNOWN,UNKNOWN
136490,선진,KOSPI,current,,UNKNOWN,UNKNOWN
137310,에스디바이오센서,KOSPI,current,,UNKNOWN,UNKNOWN
138930,BNK금융지주,KOSPI,current,,UNKNOWN,UNKNOWN
139130,iM금융지주,KOSPI,current,,UNKNOWN,UNKNOWN
139480,이마트,KOSPI,current,,UNKNOWN,UNKNOWN
139990,아주스틸,KOSPI,current,,UNKNOWN,UNKNOWN
143210,핸즈코퍼레이션,KOSPI,current,,UNKNOWN,UNKNOWN
145210,다이나믹디자인,KOSPI,current,,UNKNOWN,UNKNOWN
145720,덴티움,KOSPI,current,,UNKNOWN,UNKNOWN
145990,삼양사,KOSPI,current,,UNKNOWN,UNKNOWN
155660,DSR,KOSPI,current,,UNKNOWN,UNKNOWN
161000,애경케미칼,KOSPI,current,,UNKNOWN,UNKNOWN
161390,한국타이어앤테크놀로지,KOSPI,current,,UNKNOWN,UNKNOWN
161890,한국콜마,KOSPI,current,,UNKNOWN,UNKNOWN
163560,동일고무벨트,KOSPI,current,,UNKNOWN,UNKNOWN
170900,동아에스티,KOSPI,current,,UNKNOWN,UNKNOWN
175330,JB금융지주,KOSPI,current,,UNKNOWN,UNKNOWN
178920,PI첨단소재,KOSPI,current,,UNKNOWN,UNKNOWN
180640,한진칼,KOSPI,current,,UNKNOWN,UNKNOWN
181710,NHN,KOSPI,current,,UNKNOWN,UNKNOWN
183190,아세아시멘트,KOSPI,current,,UNKNOWN,UNKNOWN
185750,종근당,KOSPI,current,,UNKNOWN,UNKNOWN
192080,더블유게임즈,KOSPI,current,,UNKNOWN,UNKNOWN
192400,쿠쿠홀딩스,KOSPI,current,,UNKNOWN,UNKNOWN
192650,드림텍,KOSPI,current,,UNKNOWN,UNKNOWN
192820,코스맥스,KOSPI,current,,UNKNOWN,UNKNOWN
194370,제이에스코퍼레이션,KOSPI,current,,UNKNOWN,UNKNOWN
195870,해성디에스,KOSPI,current,,UNKNOWN,UNKNOWN
200880,서연이화,KOSPI,current,,UNKNOWN,UNKNOWN
204320,HL만도,KOSPI,current,,UNKNOWN,UNKNOWN
207940,삼성바이오로직스,KOSPI,current,,UNKNOWN,UNKNOWN
210540,디와이파워,KOSPI,current,,UNKNOWN,UNKNOWN
210980,SK디앤디,KOSPI,current,,UNKNOWN,UNKNOWN
213500,한솔제지,KOSPI,current,,UNKNOWN,UNKNOWN
214320,이노션,KOSPI,current,,UNKNOWN,UNKNOWN
214330,금호에이치티,KOSPI,current,,UNKNOWN,UNKNOWN
214390,경보제약,KOSPI,current,,UNKNOWN,UNKNOWN
214420,토니모리,KOSPI,current,,UNKNOWN,UNKNOWN
217590,티엠씨,KOSPI,current,,UNKNOWN,UNKNOWN
226320,잇츠한불,KOSPI,current,,UNKNOWN,UNKNOWN
227840,현대코퍼레이션홀딩스,KOSPI,current,,UNKNOWN,UNKNOWN
229640,LS에코에너지,KOSPI,current,,UNKNOWN,UNKNOWN
234080,JW생명과학,KOSPI,current,,UNKNOWN,UNKNOWN
241560,두산밥캣,KOSPI,current,,UNKNOWN,UNKNOWN
241590,화승엔터프라이즈,KOSPI,current,,UNKNOWN,UNKNOWN
244920,에이플러스에셋,KOSPI,current,,UNKNOWN,UNKNOWN
248070,솔루엠,KOSPI,current,,UNKNOWN,UNKNOWN
248170,샘표식품,KOSPI,current,,UNKNOWN,UNKNOWN
249420,일동제약,KOSPI,current,,UNKNOWN,UNKNOWN
251270,넷마블,KOSPI,current,,UNKNOWN,UNKNOWN
259960,크래프톤,KOSPI,current,,UNKNOWN,UNKNOWN
264900,크라운제과,KOSPI,current,,UNKNOWN,UNKNOWN
267250,HD현대,KOSPI,current,,UNKNOWN,UNKNOWN
267260,HD현대일렉트릭,KOSPI,current,,UNKNOWN,UNKNOWN
267270,HD건설기계,KOSPI,current,,UNKNOWN,UNKNOWN
267290,경동도시가스,KOSPI,current,,UNKNOWN,UNKNOWN
267850,아시아나IDT,KOSPI,current,,UNKNOWN,UNKNOWN
268280,미원에스씨,KOSPI,current,,UNKNOWN,UNKNOWN
271560,오리온,KOSPI,current,,UNKNOWN,UNKNOWN
271940,일진하이솔루스,KOSPI,current,,UNKNOWN,UNKNOWN
271980,제일약품,KOSPI,current,,UNKNOWN,UNKNOWN
272210,한화시스템,KOSPI,current,,UNKNOWN,UNKNOWN
272450,진에어,KOSPI,current,,UNKNOWN,UNKNOWN
272550,삼양패키징,KOSPI,current,,UNKNOWN,UNKNOWN
278470,에이피알,KOSPI,current,,UNKNOWN,UNKNOWN
279570,케이뱅크,KOSPI,current,,UNKNOWN,UNKNOWN
280360,롯데웰푸드,KOSPI,current,,UNKNOWN,UNKNOWN
281820,케이씨텍,KOSPI,current,,UNKNOWN,UNKNOWN
282330,BGF리테일,KOSPI,current,,UNKNOWN,UNKNOWN
284740,쿠쿠홈시스,KOSPI,current,,UNKNOWN,UNKNOWN
285130,SK케미칼,KOSPI,current,,UNKNOWN,UNKNOWN
286940,롯데이노베이트,KOSPI,current,,UNKNOWN,UNKNOWN
293480,하나제약,KOSPI,current,,UNKNOWN,UNKNOWN
294870,IPARK현대산업개발,KOSPI,current,,UNKNOWN,UNKNOWN
298000,효성화학,KOSPI,current,,UNKNOWN,UNKNOWN
298020,효성티앤씨,KOSPI,current,,UNKNOWN,UNKNOWN
298040,효성중공업,KOSPI,current,,UNKNOWN,UNKNOWN
298050,HS효성첨단소재,KOSPI,current,,UNKNOWN,UNKNOWN
298690,에어부산,KOSPI,current,,UNKNOWN,UNKNOWN
300720,한일시멘트,KOSPI,current,,UNKNOWN,UNKNOWN
302440,SK바이오사이언스,KOSPI,current,,UNKNOWN,UNKNOWN
306200,세아제강,KOSPI,current,,UNKNOWN,UNKNOWN
307950,현대오토에버,KOSPI,current,,UNKNOWN,UNKNOWN
308170,씨티알모빌리티,KOSPI,current,,UNKNOWN,UNKNOWN
316140,우리금융지주,KOSPI,current,,UNKNOWN,UNKNOWN
317400,자이에스앤디,KOSPI,current,,UNKNOWN,UNKNOWN
317450,명인제약,KOSPI,current,,UNKNOWN,UNKNOWN
322000,HD현대에너지솔루션,KOSPI,current,,UNKNOWN,UNKNOWN
323410,카카오뱅크,KOSPI,current,,UNKNOWN,UNKNOWN
326030,SK바이오팜,KOSPI,current,,UNKNOWN,UNKNOWN
329180,HD현대중공업,KOSPI,current,,UNKNOWN,UNKNOWN
336260,두산퓨얼셀,KOSPI,current,,UNKNOWN,UNKNOWN
336370,솔루스첨단소재,KOSPI,current,,UNKNOWN,UNKNOWN
339770,교촌에프앤비,KOSPI,current,,UNKNOWN,UNKNOWN
344820,KCC글라스,KOSPI,current,,UNKNOWN,UNKNOWN
352820,하이브,KOSPI,current,,UNKNOWN,UNKNOWN
353200,대덕전자,KOSPI,current,,UNKNOWN,UNKNOWN
361610,SK아이이테크놀로지,KOSPI,current,,UNKNOWN,UNKNOWN
363280,티와이홀딩스,KOSPI,current,,UNKNOWN,UNKNOWN
372910,한컴라이프케어,KOSPI,current,,UNKNOWN,UNKNOWN
373220,LG에너지솔루션,KOSPI,current,,UNKNOWN,UNKNOWN
375500,DL이앤씨,KOSPI,current,,UNKNOWN,UNKNOWN
377300,카카오페이,KOSPI,current,,UNKNOWN,UNKNOWN
377740,바이오노트,KOSPI,current,,UNKNOWN,UNKNOWN
378850,화승알앤에이,KOSPI,current,,UNKNOWN,UNKNOWN
381970,KG모빌리티플랫폼,KOSPI,current,,UNKNOWN,UNKNOWN
383220,F&F,KOSPI,current,,UNKNOWN,UNKNOWN
383800,LX홀딩스,KOSPI,current,,UNKNOWN,UNKNOWN
402340,SK스퀘어,KOSPI,current,,UNKNOWN,UNKNOWN
403550,쏘카,KOSPI,current,,UNKNOWN,UNKNOWN
415640,KB발해인프라,KOSPI,current,,UNKNOWN,UNKNOWN
439260,대한조선,KOSPI,current,,UNKNOWN,UNKNOWN
443060,HD현대마린솔루션,KOSPI,current,,UNKNOWN,UNKNOWN
446070,유니드비티플러스,KOSPI,current,,UNKNOWN,UNKNOWN
450080,에코프로머티,KOSPI,current,,UNKNOWN,UNKNOWN
452260,한화갤러리아,KOSPI,current,,UNKNOWN,UNKNOWN
453340,현대그린푸드,KOSPI,current,,UNKNOWN,UNKNOWN
454910,두산로보틱스,KOSPI,current,,UNKNOWN,UNKNOWN
456040,OCI,KOSPI,current,,UNKNOWN,UNKNOWN
457190,이수스페셜티케미컬,KOSPI,current,,UNKNOWN,UNKNOWN
460850,동국씨엠,KOSPI,current,,UNKNOWN,UNKNOWN
460860,동국제강,KOSPI,current,,UNKNOWN,UNKNOWN
462520,조선내화,KOSPI,current,,UNKNOWN,UNKNOWN
462870,시프트업,KOSPI,current,,UNKNOWN,UNKNOWN
465770,STX그린로지스,KOSPI,current,,UNKNOWN,UNKNOWN
475150,SK이터닉스,KOSPI,current,,UNKNOWN,UNKNOWN
475560,더본코리아,KOSPI,current,,UNKNOWN,UNKNOWN
480370,씨케이솔루션,KOSPI,current,,UNKNOWN,UNKNOWN
483650,달바글로벌,KOSPI,current,,UNKNOWN,UNKNOWN
484870,엠앤씨솔루션,KOSPI,current,,UNKNOWN,UNKNOWN
487570,HS효성,KOSPI,current,,UNKNOWN,UNKNOWN
489790,한화비전,KOSPI,current,,UNKNOWN,UNKNOWN
499790,GS피앤엘,KOSPI,current,,UNKNOWN,UNKNOWN
900140,엘브이엠씨홀딩스,KOSPI,current,,UNKNOWN,UNKNOWN
950210,프레스티지바이오파마,KOSPI,current,,UNKNOWN,UNKNOWN
